DC_VALUE,FILE_NAME
DC20241129-00000,AA_027991_Dashboard.html
DC20241129-00001,AA_027991_Program Initiation.html
DC20241129-00002,AA_027992_Dashboard.html
DC20241129-00003,AA_027992_Paper Work.html
DC20241129-00004,AA_027992_Program Initiation.html
DC20241129-00005,AA_027992_SQA.html
DC20241129-00006,NM_012422_Dashboard.html
DC20241129-00007,NM_012422_Global Product Stewardship.html
DC20241129-00008,NM_012422_Lab Evaluation.html
DC20241129-00009,NM_012422_Paper Work.html
DC20241129-00010,NM_012422_Plant Trial.html
DC20241129-00011,NM_012422_Prepare Plant Order.html
DC20241129-00012,NM_012422_Production Code.html
DC20241129-00013,NM_012422_Program Initiation.html
DC20241129-00014,NM_012422_Reinforcement Material Info.html
DC20241129-00015,NM_012422_SOS Reinforcment.html
DC20241129-00016,NM_012422_SQA.html
DC20241129-00017,NM_012422_Tire Build.html
DC20241129-00018,NM_012422_Tire Test.html
DC20241129-00019,NM_050338_Dashboard.html
DC20241129-00020,NM_050338_Global Product Stewardship.html
DC20241129-00021,NM_050338_Lab Evaluation.html
DC20241129-00022,NM_050338_Paper Work.html
DC20241129-00023,NM_050338_Plant Trial.html
DC20241129-00024,NM_050338_Prepare Plant Order.html
DC20241129-00025,NM_050338_Production Code.html
DC20241129-00026,NM_050338_Program Initiation.html
DC20241129-00027,NM_050338_Reinforcement Material Info.html
DC20241129-00028,NM_050338_SOS Reinforcment.html
DC20241129-00029,NM_050338_SQA.html
DC20241129-00030,NM_055892_Dashboard.html
DC20241129-00031,NM_055892_Global Product Stewardship.html
DC20241129-00032,NM_055892_Lab Evaluation.html
DC20241129-00033,NM_055892_Paper Work.html
DC20241129-00034,NM_055892_Plant Trial.html
DC20241129-00035,NM_055892_Prepare Plant Order.html
DC20241129-00036,NM_055892_Production Code.html
DC20241129-00037,NM_055892_Program Initiation.html
DC20241129-00038,NM_055892_Reinforcement Material Info.html
DC20241129-00039,NM_055892_SOS Reinforcment.html
DC20241129-00040,NM_055892_SQA.html
DC20241129-00041,NM_084768_Dashboard.html
DC20241129-00042,NM_084768_Global Product Stewardship.html
DC20241129-00043,NM_084768_Lab Evaluation.html
DC20241129-00044,NM_084768_Paper Work.html
DC20241129-00045,NM_084768_Prepare Plant Order.html
DC20241129-00046,NM_084768_Production Code.html
DC20241129-00047,NM_084768_Program Initiation.html
DC20241129-00048,NM_084768_Reinforcement Material Info.html
DC20241129-00049,NM_084768_SOS Reinforcment.html
DC20241129-00050,NM_084768_SQA.html
DC20241129-00051,NM_084768_Tire Build.html
DC20241129-00052,NM_084768_Tire Test.html
DC20241129-00053,NS_003893_Dashboard.html
DC20241129-00054,NS_003893_GPS Regulatory Approval.html
DC20241129-00055,NS_003893_Lab Evaluation.html
DC20241129-00056,NS_003893_Paper Work.html
DC20241129-00057,NS_003893_Prepare Plant Order.html
DC20241129-00058,NS_003893_Processing Trial.html
DC20241129-00059,NS_003893_Program Initiation.html
DC20241129-00060,NS_003893_Reinforcement Material Info.html
DC20241129-00061,NS_003893_SOS Reinforcment.html
DC20241129-00062,NS_003893_SQA.html
DC20241129-00063,NS_003893_Volume Trial.html
DC20241129-00064,NS_004482_Dashboard.html
DC20241129-00065,NS_004482_Program Initiation.html
DC20241129-00066,NS_004482_Reinforcement Material Info.html
DC20241129-00067,NS_013005_Dashboard.html
DC20241129-00068,NS_013005_Fabric Experimental Number Panel.html
DC20241129-00069,NS_013005_Lab Evaluation.html
DC20241129-00070,NS_013005_Prepare Plant Order.html
DC20241129-00071,NS_013005_Processing Trial.html
DC20241129-00072,NS_013005_Program Initiation.html
DC20241129-00073,NS_013005_Reinforcement Material Info.html
DC20241129-00074,NS_013045_Dashboard.html
DC20241129-00075,NS_013045_Lab Evaluation.html
DC20241129-00076,NS_013045_Program Initiation.html
DC20241129-00077,NS_013045_Reinforcement Material Info.html
DC20241129-00078,NS_013046_Dashboard.html
DC20241129-00079,NS_013046_GPS Regulatory Approval.html
DC20241129-00080,NS_013046_Lab Evaluation.html
DC20241129-00081,NS_013046_Paper Work.html
DC20241129-00082,NS_013046_Prepare Plant Order.html
DC20241129-00083,NS_013046_Processing Trial.html
DC20241129-00084,NS_013046_Program Initiation.html
DC20241129-00085,NS_013046_Reinforcement Material Info.html
DC20241129-00086,NS_013046_SOS Reinforcment.html
DC20241129-00087,NS_013046_SQA.html
DC20241129-00088,NS_013834_Dashboard.html
DC20241129-00089,NS_013834_Program Initiation.html
DC20241129-00090,NS_015566_Dashboard.html
DC20241129-00091,NS_015566_Program Initiation.html
DC20241129-00092,NS_015597_Dashboard.html
DC20241129-00093,NS_015597_Program Initiation.html
DC20241129-00094,NS_015691_Dashboard.html
DC20241129-00095,NS_015691_GPS Regulatory Approval.html
DC20241129-00096,NS_015691_Lab Evaluation.html
DC20241129-00097,NS_015691_Paper Work.html
DC20241129-00098,NS_015691_Prepare Plant Order.html
DC20241129-00099,NS_015691_Processing Trial-Tire Build.html
DC20241129-00100,NS_015691_Program Initiation.html
DC20241129-00101,NS_015691_Reinforcement Material Info.html
DC20241129-00102,NS_015691_SOS Reinforcment.html
DC20241129-00103,NS_015691_SQA.html
DC20241129-00104,NS_015691_Tire Test.html
DC20241129-00105,NS_015691_Volume Trial.html
DC20241129-00106,NS_015862_Dashboard.html
DC20241129-00107,NS_015862_Program Initiation.html
DC20241129-00108,NS_016235_Dashboard.html
DC20241129-00109,NS_016235_GPS Regulatory Approval.html
DC20241129-00110,NS_016235_Lab Evaluation.html
DC20241129-00111,NS_016235_Prepare Plant Order.html
DC20241129-00112,NS_016235_Program Initiation.html
DC20241129-00113,NS_016235_Reinforcement Material Info.html
DC20241129-00114,NS_016235_SQA.html
DC20241129-00115,NS_021334_Dashboard.html
DC20241129-00116,NS_021334_GPS Regulatory Approval.html
DC20241129-00117,NS_021334_Lab Evaluation.html
DC20241129-00118,NS_021334_Paper Work.html
DC20241129-00119,NS_021334_Prepare Plant Order.html
DC20241129-00120,NS_021334_Processing Trial.html
DC20241129-00121,NS_021334_Program Initiation.html
DC20241129-00122,NS_021334_Reinforcement Material Info.html
DC20241129-00123,NS_021334_SOS Reinforcment.html
DC20241129-00124,NS_021334_SQA.html
DC20241129-00125,NS_021334_Volume Trial.html
DC20241129-00126,NS_021929_Dashboard.html
DC20241129-00127,NS_021929_Program Initiation.html
DC20241129-00128,NS_024130_Dashboard.html
DC20241129-00129,NS_024130_Program Initiation.html
DC20241129-00130,NS_024343_Dashboard.html
DC20241129-00131,NS_024343_GPS Regulatory Approval.html
DC20241129-00132,NS_024343_Lab Evaluation.html
DC20241129-00133,NS_024343_Paper Work.html
DC20241129-00134,NS_024343_Prepare Plant Order.html
DC20241129-00135,NS_024343_Processing Trial.html
DC20241129-00136,NS_024343_Program Initiation.html
DC20241129-00137,NS_024343_Reinforcement Material Info.html
DC20241129-00138,NS_024343_SOS Reinforcment.html
DC20241129-00139,NS_024343_SQA.html
DC20241129-00140,NS_024343_Volume Trial.html
DC20241129-00141,NS_024446_Dashboard.html
DC20241129-00142,NS_024446_GPS Regulatory Approval.html
DC20241129-00143,NS_024446_Lab Evaluation.html
DC20241129-00144,NS_024446_Paper Work.html
DC20241129-00145,NS_024446_Prepare Plant Order.html
DC20241129-00146,NS_024446_Processing Trial.html
DC20241129-00147,NS_024446_Program Initiation.html
DC20241129-00148,NS_024446_Reinforcement Material Info.html
DC20241129-00149,NS_024446_SOS Reinforcment.html
DC20241129-00150,NS_024446_SQA.html
DC20241129-00151,NS_024446_Volume Trial.html
DC20241129-00152,NS_025820_Dashboard.html
DC20241129-00153,NS_025820_Program Initiation.html
DC20241129-00154,NS_031400_Dashboard.html
DC20241129-00155,NS_031400_GPS Regulatory Approval.html
DC20241129-00156,NS_031400_Lab Evaluation.html
DC20241129-00157,NS_031400_Paper Work.html
DC20241129-00158,NS_031400_Prepare Plant Order.html
DC20241129-00159,NS_031400_Processing Trial.html
DC20241129-00160,NS_031400_Program Initiation.html
DC20241129-00161,NS_031400_Reinforcement Material Info.html
DC20241129-00162,NS_031400_SOS Reinforcment.html
DC20241129-00163,NS_031400_SQA.html
DC20241129-00164,NS_031400_Volume Trial.html
DC20241129-00165,NS_031952_Dashboard.html
DC20241129-00166,NS_031952_Program Initiation.html
DC20241129-00167,NS_033442_Dashboard.html
DC20241129-00168,NS_033442_GPS Regulatory Approval.html
DC20241129-00169,NS_033442_Lab Evaluation.html
DC20241129-00170,NS_033442_Paper Work.html
DC20241129-00171,NS_033442_Prepare Plant Order.html
DC20241129-00172,NS_033442_Processing Trial.html
DC20241129-00173,NS_033442_Program Initiation.html
DC20241129-00174,NS_033442_Reinforcement Material Info.html
DC20241129-00175,NS_033442_SOS Reinforcment.html
DC20241129-00176,NS_033442_SQA.html
DC20241129-00177,NS_033442_Volume Trial.html
DC20241129-00178,NS_034643_Dashboard.html
DC20241129-00179,NS_034643_GPS Regulatory Approval.html
DC20241129-00180,NS_034643_Lab Evaluation.html
DC20241129-00181,NS_034643_Paper Work.html
DC20241129-00182,NS_034643_Prepare Plant Order.html
DC20241129-00183,NS_034643_Processing Trial.html
DC20241129-00184,NS_034643_Program Initiation.html
DC20241129-00185,NS_034643_Reinforcement Material Info.html
DC20241129-00186,NS_034643_SOS Reinforcment.html
DC20241129-00187,NS_034643_SQA.html
DC20241129-00188,NS_034643_Volume Trial.html
DC20241129-00189,NS_034937_Dashboard.html
DC20241129-00190,NS_034937_GPS Regulatory Approval.html
DC20241129-00191,NS_034937_Lab Evaluation.html
DC20241129-00192,NS_034937_Paper Work.html
DC20241129-00193,NS_034937_Prepare Plant Order.html
DC20241129-00194,NS_034937_Processing Trial.html
DC20241129-00195,NS_034937_Program Initiation.html
DC20241129-00196,NS_034937_Reinforcement Material Info.html
DC20241129-00197,NS_034937_SOS Reinforcment.html
DC20241129-00198,NS_034937_SQA.html
DC20241129-00199,NS_034937_Volume Trial.html
DC20241129-00200,NS_036879_Dashboard.html
DC20241129-00201,NS_036879_GPS Regulatory Approval.html
DC20241129-00202,NS_036879_Lab Evaluation.html
DC20241129-00203,NS_036879_Paper Work.html
DC20241129-00204,NS_036879_Prepare Plant Order.html
DC20241129-00205,NS_036879_Processing Trial.html
DC20241129-00206,NS_036879_Program Initiation.html
DC20241129-00207,NS_036879_Reinforcement Material Info.html
DC20241129-00208,NS_036879_SOS Reinforcment.html
DC20241129-00209,NS_036879_SQA.html
DC20241129-00210,NS_036879_Volume Trial.html
DC20241129-00211,NS_041113_Dashboard.html
DC20241129-00212,NS_041113_Program Initiation.html
DC20241129-00213,NS_041998_Dashboard.html
DC20241129-00214,NS_041998_GPS Regulatory Approval.html
DC20241129-00215,NS_041998_Lab Evaluation.html
DC20241129-00216,NS_041998_Paper Work.html
DC20241129-00217,NS_041998_Prepare Plant Order.html
DC20241129-00218,NS_041998_Processing Trial.html
DC20241129-00219,NS_041998_Program Initiation.html
DC20241129-00220,NS_041998_Reinforcement Material Info.html
DC20241129-00221,NS_041998_SOS Reinforcment.html
DC20241129-00222,NS_041998_SQA.html
DC20241129-00223,NS_041998_Volume Trial.html
DC20241129-00224,NS_043346_Dashboard.html
DC20241129-00225,NS_043346_GPS Regulatory Approval.html
DC20241129-00226,NS_043346_Lab Evaluation.html
DC20241129-00227,NS_043346_Paper Work.html
DC20241129-00228,NS_043346_Prepare Plant Order.html
DC20241129-00229,NS_043346_Processing Trial.html
DC20241129-00230,NS_043346_Program Initiation.html
DC20241129-00231,NS_043346_Reinforcement Material Info.html
DC20241129-00232,NS_043346_SOS Reinforcment.html
DC20241129-00233,NS_043346_SQA.html
DC20241129-00234,NS_043346_Volume Trial.html
DC20241129-00235,NS_046095_Dashboard.html
DC20241129-00236,NS_046095_GPS Regulatory Approval.html
DC20241129-00237,NS_046095_Lab Evaluation.html
DC20241129-00238,NS_046095_Paper Work.html
DC20241129-00239,NS_046095_Prepare Plant Order.html
DC20241129-00240,NS_046095_Processing Trial.html
DC20241129-00241,NS_046095_Program Initiation.html
DC20241129-00242,NS_046095_Reinforcement Material Info.html
DC20241129-00243,NS_046095_SOS Reinforcment.html
DC20241129-00244,NS_046095_SQA.html
DC20241129-00245,NS_046095_Volume Trial.html
DC20241129-00246,NS_046225_Dashboard.html
DC20241129-00247,NS_046225_GPS Regulatory Approval.html
DC20241129-00248,NS_046225_Lab Evaluation.html
DC20241129-00249,NS_046225_Paper Work.html
DC20241129-00250,NS_046225_Prepare Plant Order.html
DC20241129-00251,NS_046225_Processing Trial.html
DC20241129-00252,NS_046225_Program Initiation.html
DC20241129-00253,NS_046225_Reinforcement Material Info.html
DC20241129-00254,NS_046225_SOS Reinforcment.html
DC20241129-00255,NS_046225_SQA.html
DC20241129-00256,NS_046225_Volume Trial.html
DC20241129-00257,NS_047869_Dashboard.html
DC20241129-00258,NS_047869_Program Initiation.html
DC20241129-00259,NS_061771_Dashboard.html
DC20241129-00260,NS_061771_GPS Regulatory Approval.html
DC20241129-00261,NS_061771_Lab Evaluation.html
DC20241129-00262,NS_061771_Paper Work.html
DC20241129-00263,NS_061771_Prepare Plant Order.html
DC20241129-00264,NS_061771_Processing Trial.html
DC20241129-00265,NS_061771_Program Initiation.html
DC20241129-00266,NS_061771_Reinforcement Material Info.html
DC20241129-00267,NS_061771_SOS Reinforcment.html
DC20241129-00268,NS_061771_SQA.html
DC20241129-00269,NS_061771_Volume Trial.html
DC20241129-00270,NS_067967_Dashboard.html
DC20241129-00271,NS_067967_Program Initiation.html
DC20241129-00272,NS_111207_Dashboard.html
DC20241129-00273,NS_111207_Program Initiation.html
DC20241129-00274,NS_117894_Dashboard.html
DC20241129-00275,NS_117894_Program Initiation.html
DC20241129-00276,NS_118983_Dashboard.html
DC20241129-00277,NS_118983_Program Initiation.html
DC20241129-00278,NS_128634_Dashboard.html
DC20241129-00279,NS_128634_GPS Regulatory Approval.html
DC20241129-00280,NS_128634_Lab Evaluation.html
DC20241129-00281,NS_128634_Paper Work.html
DC20241129-00282,NS_128634_Prepare Plant Order.html
DC20241129-00283,NS_128634_Processing Trial.html
DC20241129-00284,NS_128634_Program Initiation.html
DC20241129-00285,NS_128634_Reinforcement Material Info.html
DC20241129-00286,NS_128634_SOS Reinforcment.html
DC20241129-00287,NS_128634_SQA.html
DC20241129-00288,NS_128634_Volume Trial.html
DC20241129-00289,NS_136724_Dashboard.html
DC20241129-00290,NS_136724_Program Initiation.html
DC20241129-00291,NS_136727_Dashboard.html
DC20241129-00292,NS_136727_GPS Regulatory Approval.html
DC20241129-00293,NS_136727_Lab Evaluation.html
DC20241129-00294,NS_136727_Paper Work.html
DC20241129-00295,NS_136727_Prepare Plant Order.html
DC20241129-00296,NS_136727_Processing Trial.html
DC20241129-00297,NS_136727_Program Initiation.html
DC20241129-00298,NS_136727_Reinforcement Material Info.html
DC20241129-00299,NS_136727_SOS Reinforcment.html
DC20241129-00300,NS_136727_SQA.html
DC20241129-00301,NS_136727_Volume Trial.html
DC20241129-00302,NS_138914_Dashboard.html
DC20241129-00303,NS_138914_GPS Regulatory Approval.html
DC20241129-00304,NS_138914_Lab Evaluation.html
DC20241129-00305,NS_138914_Paper Work.html
DC20241129-00306,NS_138914_Prepare Plant Order.html
DC20241129-00307,NS_138914_Processing Trial.html
DC20241129-00308,NS_138914_Program Initiation.html
DC20241129-00309,NS_138914_Reinforcement Material Info.html
DC20241129-00310,NS_138914_SOS Reinforcment.html
DC20241129-00311,NS_138914_SQA.html
DC20241129-00312,NS_138914_Volume Trial.html
DC20241129-00313,NS_142194_Dashboard.html
DC20241129-00314,NS_142194_GPS Regulatory Approval.html
DC20241129-00315,NS_142194_Lab Evaluation.html
DC20241129-00316,NS_142194_Prepare Plant Order.html
DC20241129-00317,NS_142194_Program Initiation.html
DC20241129-00318,NS_142194_Reinforcement Material Info.html
DC20241129-00319,NS_142194_SQA.html
DC20241129-00320,NS_142202_Dashboard.html
DC20241129-00321,NS_142202_GPS Regulatory Approval.html
DC20241129-00322,NS_142202_Lab Evaluation.html
DC20241129-00323,NS_142202_Paper Work.html
DC20241129-00324,NS_142202_Prepare Plant Order.html
DC20241129-00325,NS_142202_Processing Trial-Tire Build.html
DC20241129-00326,NS_142202_Program Initiation.html
DC20241129-00327,NS_142202_Reinforcement Material Info.html
DC20241129-00328,NS_142202_SOS Reinforcment.html
DC20241129-00329,NS_142202_SQA.html
DC20241129-00330,NS_142202_Tire Test.html
DC20241129-00331,NS_142202_Volume Trial.html
DC20241129-00332,NS_143472_Dashboard.html
DC20241129-00333,NS_143472_Program Initiation.html
DC20241129-00334,NS_143573_Dashboard.html
DC20241129-00335,NS_143573_Lab Evaluation.html
DC20241129-00336,NS_143573_Program Initiation.html
DC20241129-00337,NS_143573_Reinforcement Material Info.html
DC20241129-00338,NS_144144_Dashboard.html
DC20241129-00339,NS_144144_Lab Evaluation.html
DC20241129-00340,NS_144144_Program Initiation.html
DC20241129-00341,NS_144144_Reinforcement Material Info.html
DC20241129-00342,NS_144280_Dashboard.html
DC20241129-00343,NS_144280_Program Initiation.html
DC20241129-00344,NS_144703_Dashboard.html
DC20241129-00345,NS_144703_Lab Evaluation.html
DC20241129-00346,NS_144703_Program Initiation.html
DC20241129-00347,NS_144703_Reinforcement Material Info.html
DC20241129-00348,NS_145635_Dashboard.html
DC20241129-00349,NS_145635_Lab Evaluation.html
DC20241129-00350,NS_145635_Program Initiation.html
DC20241129-00351,NS_145635_Reinforcement Material Info.html
DC20241129-00352,NS_145695_Dashboard.html
DC20241129-00353,NS_145695_Program Initiation.html
DC20241129-00354,NS_145760_Dashboard.html
DC20241129-00355,NS_145760_Program Initiation.html
DC20241129-00356,OM_015757_Dashboard.html
DC20241129-00357,OM_015757_Lab Evaluation.html
DC20241129-00358,OM_015757_Paper Work.html
DC20241129-00359,OM_015757_Prepare Plant Order.html
DC20241129-00360,OM_015757_Processing Trial.html
DC20241129-00361,OM_015757_Program Initiation.html
DC20241129-00362,OM_015757_Reinforcement Material Info.html
DC20241129-00363,OM_023997_Dashboard.html
DC20241129-00364,OM_023997_Lab Evaluation.html
DC20241129-00365,OM_023997_Paper Work.html
DC20241129-00366,OM_023997_Prepare Plant Order.html
DC20241129-00367,OM_023997_Processing Trial.html
DC20241129-00368,OM_023997_Program Initiation.html
DC20241129-00369,OM_023997_Reinforcement Material Info.html
DC20241129-00370,OM_032154_Dashboard.html
DC20241129-00371,OM_032154_Program Initiation.html
DC20241129-00372,OM_032155_Dashboard.html
DC20241129-00373,OM_032155_Program Initiation.html
DC20241129-00374,OM_032156_Dashboard.html
DC20241129-00375,OM_032156_Program Initiation.html
DC20241129-00376,OM_032157_Dashboard.html
DC20241129-00377,OM_032157_Program Initiation.html
DC20241129-00378,OM_032158_Dashboard.html
DC20241129-00379,OM_032158_Program Initiation.html
DC20241129-00380,OM_032159_Dashboard.html
DC20241129-00381,OM_032159_Lab Evaluation.html
DC20241129-00382,OM_032159_Paper Work.html
DC20241129-00383,OM_032159_Prepare Plant Order.html
DC20241129-00384,OM_032159_Processing Trial.html
DC20241129-00385,OM_032159_Program Initiation.html
DC20241129-00386,OM_032159_Reinforcement Material Info.html
DC20241129-00387,OM_067978_Dashboard.html
DC20241129-00388,OM_067978_Lab Evaluation.html
DC20241129-00389,OM_067978_Paper Work.html
DC20241129-00390,OM_067978_Prepare Plant Order.html
DC20241129-00391,OM_067978_Processing Trial.html
DC20241129-00392,OM_067978_Program Initiation.html
DC20241129-00393,OM_067978_Reinforcement Material Info.html
DC20241129-00394,OM_112477_Dashboard.html
DC20241129-00395,OM_112477_Lab Evaluation.html
DC20241129-00396,OM_112477_Program Initiation.html
DC20241129-00397,OM_112477_Reinforcement Material Info.html
DC20241129-00398,OM_118488_Dashboard.html
DC20241129-00399,OM_118488_Lab Evaluation.html
DC20241129-00400,OM_118488_Program Initiation.html
DC20241129-00401,OM_118488_Reinforcement Material Info.html
DC20241129-00402,OM_138532_Dashboard.html
DC20241129-00403,OM_138532_Lab Evaluation.html
DC20241129-00404,OM_138532_Program Initiation.html
DC20241129-00405,OM_138532_Reinforcement Material Info.html
DC20241129-00406,OM_143900_Dashboard.html
DC20241129-00407,OM_143900_Lab Evaluation.html
DC20241129-00408,OM_143900_Prepare Plant Order.html
DC20241129-00409,OM_143900_Processing Trial.html
DC20241129-00410,OM_143900_Program Initiation.html
DC20241129-00411,OM_143900_Reinforcement Material Info.html
DC20241129-00412,RE_018459_Dashboard.html
DC20241129-00413,RE_018459_Paper Work.html
DC20241129-00414,RE_018459_Program Initiation.html
DC20241129-00415,RE_020318_Dashboard.html
DC20241129-00416,RE_020318_GPS Regulatory Approval.html
DC20241129-00417,RE_020318_Lab Evaluation.html
DC20241129-00418,RE_020318_Paper Work.html
DC20241129-00419,RE_020318_Plant Trial.html
DC20241129-00420,RE_020318_Prepare Plant Order.html
DC20241129-00421,RE_020318_Program Initiation.html
DC20241129-00422,RE_020318_Reinforcement Material Info.html
DC20241129-00423,RE_020318_SQA.html
DC20241129-00424,RE_024156_Dashboard.html
DC20241129-00425,RE_024156_Program Initiation.html
DC20241129-00426,RE_024344_Dashboard.html
DC20241129-00427,RE_024344_Paper Work.html
DC20241129-00428,RE_024344_Program Initiation.html
DC20241129-00429,RE_024349_Dashboard.html
DC20241129-00430,RE_024349_Program Initiation.html
DC20241129-00431,RE_024350_Dashboard.html
DC20241129-00432,RE_024350_Paper Work.html
DC20241129-00433,RE_024350_Program Initiation.html
DC20241129-00434,RE_024351_Dashboard.html
DC20241129-00435,RE_024351_Paper Work.html
DC20241129-00436,RE_024351_Program Initiation.html
DC20241129-00437,RE_024573_Dashboard.html
DC20241129-00438,RE_024573_GPS Regulatory Approval.html
DC20241129-00439,RE_024573_Lab Evaluation.html
DC20241129-00440,RE_024573_Prepare Plant Order.html
DC20241129-00441,RE_024573_Program Initiation.html
DC20241129-00442,RE_024573_Reinforcement Material Info.html
DC20241129-00443,RE_024573_SQA.html
DC20241129-00444,RE_024950_Dashboard.html
DC20241129-00445,RE_024950_GPS Regulatory Approval.html
DC20241129-00446,RE_024950_Lab Evaluation.html
DC20241129-00447,RE_024950_Prepare Plant Order.html
DC20241129-00448,RE_024950_Program Initiation.html
DC20241129-00449,RE_024950_Reinforcement Material Info.html
DC20241129-00450,RE_024950_SQA.html
DC20241129-00451,RE_025061_Dashboard.html
DC20241129-00452,RE_025061_Program Initiation.html
DC20241129-00453,RE_025870_Dashboard.html
DC20241129-00454,RE_025870_GPS Regulatory Approval.html
DC20241129-00455,RE_025870_Lab Evaluation.html
DC20241129-00456,RE_025870_Paper Work.html
DC20241129-00457,RE_025870_Plant Trial.html
DC20241129-00458,RE_025870_Prepare Plant Order.html
DC20241129-00459,RE_025870_Program Initiation.html
DC20241129-00460,RE_025870_Reinforcement Material Info.html
DC20241129-00461,RE_025870_SQA.html
DC20241129-00462,RE_025871_Dashboard.html
DC20241129-00463,RE_025871_GPS Regulatory Approval.html
DC20241129-00464,RE_025871_Lab Evaluation.html
DC20241129-00465,RE_025871_Paper Work.html
DC20241129-00466,RE_025871_Plant Trial.html
DC20241129-00467,RE_025871_Prepare Plant Order.html
DC20241129-00468,RE_025871_Program Initiation.html
DC20241129-00469,RE_025871_Reinforcement Material Info.html
DC20241129-00470,RE_025871_SQA.html
DC20241129-00471,RE_028530_Dashboard.html
DC20241129-00472,RE_028530_GPS Regulatory Approval.html
DC20241129-00473,RE_028530_Lab Evaluation.html
DC20241129-00474,RE_028530_Paper Work.html
DC20241129-00475,RE_028530_Plant Trial.html
DC20241129-00476,RE_028530_Prepare Plant Order.html
DC20241129-00477,RE_028530_Program Initiation.html
DC20241129-00478,RE_028530_Reinforcement Material Info.html
DC20241129-00479,RE_028530_SQA.html
DC20241129-00480,RE_046454_Dashboard.html
DC20241129-00481,RE_046454_GPS Regulatory Approval.html
DC20241129-00482,RE_046454_Lab Evaluation.html
DC20241129-00483,RE_046454_Paper Work.html
DC20241129-00484,RE_046454_Plant Trial.html
DC20241129-00485,RE_046454_Prepare Plant Order.html
DC20241129-00486,RE_046454_Program Initiation.html
DC20241129-00487,RE_046454_Reinforcement Material Info.html
DC20241129-00488,RE_046454_SQA.html
DC20241129-00489,RE_047478_Dashboard.html
DC20241129-00490,RE_047478_GPS Regulatory Approval.html
DC20241129-00491,RE_047478_Lab Evaluation.html
DC20241129-00492,RE_047478_Paper Work.html
DC20241129-00493,RE_047478_Plant Trial.html
DC20241129-00494,RE_047478_Prepare Plant Order.html
DC20241129-00495,RE_047478_Program Initiation.html
DC20241129-00496,RE_047478_Reinforcement Material Info.html
DC20241129-00497,RE_047478_SQA.html
DC20241129-00498,RE_061705_Dashboard.html
DC20241129-00499,RE_061705_GPS Regulatory Approval.html
DC20241129-00500,RE_061705_Lab Evaluation.html
DC20241129-00501,RE_061705_Program Initiation.html
DC20241129-00502,RE_061705_Reinforcement Material Info.html
DC20241129-00503,RE_061705_SQA.html
DC20241129-00504,RE_068603_Dashboard.html
DC20241129-00505,RE_068603_Program Initiation.html
DC20241129-00506,RE_081726_Dashboard.html
DC20241129-00507,RE_081726_GPS Regulatory Approval.html
DC20241129-00508,RE_081726_Lab Evaluation.html
DC20241129-00509,RE_081726_Prepare Plant Order.html
DC20241129-00510,RE_081726_Program Initiation.html
DC20241129-00511,RE_081726_Reinforcement Material Info.html
DC20241129-00512,RE_081726_SQA.html
DC20241129-00513,RE_093551_Dashboard.html
DC20241129-00514,RE_093551_GPS Regulatory Approval.html
DC20241129-00515,RE_093551_Lab Evaluation.html
DC20241129-00516,RE_093551_Paper Work.html
DC20241129-00517,RE_093551_Plant Trial.html
DC20241129-00518,RE_093551_Prepare Plant Order.html
DC20241129-00519,RE_093551_Program Initiation.html
DC20241129-00520,RE_093551_Reinforcement Material Info.html
DC20241129-00521,RE_093551_SQA.html
DC20241129-00522,RE_096901_Dashboard.html
DC20241129-00523,RE_096901_GPS Regulatory Approval.html
DC20241129-00524,RE_096901_Lab Evaluation.html
DC20241129-00525,RE_096901_Paper Work.html
DC20241129-00526,RE_096901_Plant Trial.html
DC20241129-00527,RE_096901_Prepare Plant Order.html
DC20241129-00528,RE_096901_Program Initiation.html
DC20241129-00529,RE_096901_Reinforcement Material Info.html
DC20241129-00530,RE_096901_SQA.html
DC20241129-00531,RE_106930_Dashboard.html
DC20241129-00532,RE_106930_Lab Evaluation.html
DC20241129-00533,RE_106930_Program Initiation.html
DC20241129-00534,RE_106930_Reinforcement Material Info.html
DC20241129-00535,RE_118987_Dashboard.html
DC20241129-00536,RE_118987_GPS Regulatory Approval.html
DC20241129-00537,RE_118987_Lab Evaluation.html
DC20241129-00538,RE_118987_Paper Work.html
DC20241129-00539,RE_118987_Plant Trial.html
DC20241129-00540,RE_118987_Prepare Plant Order.html
DC20241129-00541,RE_118987_Program Initiation.html
DC20241129-00542,RE_118987_Reinforcement Material Info.html
DC20241129-00543,RE_118987_SQA.html
DC20241129-00544,RE_128380_Dashboard.html
DC20241129-00545,RE_128380_GPS Regulatory Approval.html
DC20241129-00546,RE_128380_Lab Evaluation.html
DC20241129-00547,RE_128380_Paper Work.html
DC20241129-00548,RE_128380_Plant Trial.html
DC20241129-00549,RE_128380_Prepare Plant Order.html
DC20241129-00550,RE_128380_Program Initiation.html
DC20241129-00551,RE_128380_Reinforcement Material Info.html
DC20241129-00552,RE_128380_SQA.html
DC20241129-00553,RE_128455_Dashboard.html
DC20241129-00554,RE_128455_GPS Regulatory Approval.html
DC20241129-00555,RE_128455_Lab Evaluation.html
DC20241129-00556,RE_128455_Paper Work.html
DC20241129-00557,RE_128455_Plant Trial.html
DC20241129-00558,RE_128455_Prepare Plant Order.html
DC20241129-00559,RE_128455_Program Initiation.html
DC20241129-00560,RE_128455_Reinforcement Material Info.html
DC20241129-00561,RE_128455_SQA.html
DC20241129-00562,RE_128759_Dashboard.html
DC20241129-00563,RE_128759_GPS Regulatory Approval.html
DC20241129-00564,RE_128759_Lab Evaluation.html
DC20241129-00565,RE_128759_Paper Work.html
DC20241129-00566,RE_128759_Plant Trial.html
DC20241129-00567,RE_128759_Prepare Plant Order.html
DC20241129-00568,RE_128759_Program Initiation.html
DC20241129-00569,RE_128759_Reinforcement Material Info.html
DC20241129-00570,RE_128759_SQA.html
DC20241129-00571,RE_128927_Dashboard.html
DC20241129-00572,RE_128927_GPS Regulatory Approval.html
DC20241129-00573,RE_128927_Lab Evaluation.html
DC20241129-00574,RE_128927_Prepare Plant Order.html
DC20241129-00575,RE_128927_Program Initiation.html
DC20241129-00576,RE_128927_Reinforcement Material Info.html
DC20241129-00577,RE_128927_SQA.html
DC20241129-00578,RE_132212_Dashboard.html
DC20241129-00579,RE_132212_GPS Regulatory Approval.html
DC20241129-00580,RE_132212_Lab Evaluation.html
DC20241129-00581,RE_132212_Paper Work.html
DC20241129-00582,RE_132212_Plant Trial.html
DC20241129-00583,RE_132212_Prepare Plant Order.html
DC20241129-00584,RE_132212_Program Initiation.html
DC20241129-00585,RE_132212_Reinforcement Material Info.html
DC20241129-00586,RE_132212_SQA.html
DC20241129-00587,RE_135152_Dashboard.html
DC20241129-00588,RE_135152_GPS Regulatory Approval.html
DC20241129-00589,RE_135152_Lab Evaluation.html
DC20241129-00590,RE_135152_Paper Work.html
DC20241129-00591,RE_135152_Plant Trial.html
DC20241129-00592,RE_135152_Prepare Plant Order.html
DC20241129-00593,RE_135152_Program Initiation.html
DC20241129-00594,RE_135152_Reinforcement Material Info.html
DC20241129-00595,RE_135152_SQA.html
DC20241129-00596,RE_135826_Dashboard.html
DC20241129-00597,RE_135826_GPS Regulatory Approval.html
DC20241129-00598,RE_135826_Lab Evaluation.html
DC20241129-00599,RE_135826_Prepare Plant Order.html
DC20241129-00600,RE_135826_Program Initiation.html
DC20241129-00601,RE_135826_Reinforcement Material Info.html
DC20241129-00602,RE_135826_SQA.html
DC20241129-00603,RE_139596_Dashboard.html
DC20241129-00604,RE_139596_GPS Regulatory Approval.html
DC20241129-00605,RE_139596_Lab Evaluation.html
DC20241129-00606,RE_139596_Paper Work.html
DC20241129-00607,RE_139596_Plant Trial.html
DC20241129-00608,RE_139596_Prepare Plant Order.html
DC20241129-00609,RE_139596_Program Initiation.html
DC20241129-00610,RE_139596_Reinforcement Material Info.html
DC20241129-00611,RE_139596_SQA.html
DC20241129-00612,RE_139628_Dashboard.html
DC20241129-00613,RE_139628_GPS Regulatory Approval.html
DC20241129-00614,RE_139628_Lab Evaluation.html
DC20241129-00615,RE_139628_Paper Work.html
DC20241129-00616,RE_139628_Plant Trial.html
DC20241129-00617,RE_139628_Prepare Plant Order.html
DC20241129-00618,RE_139628_Program Initiation.html
DC20241129-00619,RE_139628_Reinforcement Material Info.html
DC20241129-00620,RE_139628_SQA.html
DC20241129-00621,RE_139629_Dashboard.html
DC20241129-00622,RE_139629_GPS Regulatory Approval.html
DC20241129-00623,RE_139629_Lab Evaluation.html
DC20241129-00624,RE_139629_Prepare Plant Order.html
DC20241129-00625,RE_139629_Program Initiation.html
DC20241129-00626,RE_139629_Reinforcement Material Info.html
DC20241129-00627,RE_139629_SQA.html
