PGM_ID,APPROVAL_PROCESS_NAME,PGM_NAME,MATERIAL_GROUP,TECH_CENTER_LOC,NEED_BY_DATE,CREATED_DATE,ASSIGNED_TO,CREATOR,ASSIGNEE,REQUESTER,CURRENT_STATUS,PROGRAM_STAGE,MATERIAL_CODE,REVISION_NO,CLASS,SUB_CLASS,SUPPLIER_NAME,SUPPLIER_PLANT,SUPPLIER_CITY,SUPPLIER_STATE,SUPPLIER_COUNTRY,SUPPLIER_PLANT_LOCATION,SUPPLIER_TRADENAME,AGENT_NAME,AGENT_PLANT,AGENT_CITY,AGENT_STATE,AGENT_COUNTRY,AGENT_PLANT_LOCATION,COMMODITY_GROUP,MATERIAL_CATEGORY,REGION_FOR_TRIAL,PLANT_FOR_TRIAL,PLANT_SLOT,EXP_CODE,SPECIFIC_GRAVITY,RHC_POLYMER,RHC_OIL,RHC_FILTER,RMI_DESC,MANET_CLASS,MANET_SUBCLASS,MATERIAL_TYPE,MATERIAL_SUBTYPE,COMPONENT_TYPE,STAINING,COMPATIBLE,MATERIAL_FORM,PGM_REASON,AGENT_BUILD_BREAK,REINGMI_DESC,MAT_CLASS,MAT_SUBCLASS,MAT_DOUBLE_SUBCLASS,APPROVAL_REGIONS,RESTRICTED_PLANTS,Computed_MATERIAL_CODE,sis_Supplier,sis_Plant,City MIS_x,sis_SIS_Plant_code,Supplier Opcenter_x,Plant Opcenter_x,Plant city_x,Plant state_x,Plant country_x,Active_x,sis_Agent,sis_A_Plant,City MIS_y,sis_Agent_Plant_code,Supplier Opcenter_y,Plant Opcenter_y,Plant city_y,Plant state_y,Plant country_y,Active_y
10785,NEW SOURCE,NS_010785,REINFORCEMENT,GTC*A,,2009-10-27 15:35:00,159,Adam O'Donnell,Rob Wyszynski,,Completed,PAPER WORK - Completed,RFFP,1,WIRE,STEEL CORD,BEKAERT,ROGERS,Rogers,AR,USA,"Rogers, AR, USA",BB01FP,,,,,,,Steel,Wire,NA,Topeka,2011-04-30,RFS00018,,,,,,,,,,,,,,Cost Savings,,1x.21/18x.185 UT,WIRE,STEEL CORD,,NA,,RFFP,BEKAERT,"Rogers, AR, USA",Rogers,AMX,BEKAERT,ROGERS,ROGERS,AR,USA,Yes,,,,,,,,,,
13183,SOURCE CHANGE,SC_013183,REINFORCEMENT,GTC*A,,2010-04-20 14:35:56,2320,Julie Graybill,Marcelo Cadima,,Cancelled,PROGRAM INITIATION - Completed ,RFCH,1,WIRE,BEAD WIRE,KISWIRE,HONG DUK,Hong Duk,Others,South Korea,"Hong Duk, South Korea",242CH,,,,,,,Steel,Wire,LA,Americana,,RF0040918,,,,,,,,,,,,,,flexibility in supply,,,,,,LA,,RF0040918,Kiswire - Bead Wire,"Hong Duk, South Korea",Hong Duk,JBU,KISWIRE,HONG DUK,HONG DUK,OTHERS,SOUTH KOREA,Yes,,,,,,,,,,
16245,SOURCE CHANGE,SC_016245,REINFORCEMENT,GTC*A,,2012-07-23 10:32:56,2860,Deryk Espinoza,Jenny Hu,,Cancelled,PROGRAM INITIATION - In Progress ,RFCH,1,WIRE,BEAD WIRE,KISWIRE,HONG DUK,Hong Duk,Others,South Korea,"Hong Duk, South Korea",242CH,,,,,,,Steel,Wire,NA,Chile,,RF0041966,,,,,,,,,,,,,,Cost Savings,,,,,,,,RF0041966,Kiswire - Bead Wire,"Hong Duk, South Korea",Hong Duk,JBU,KISWIRE,HONG DUK,HONG DUK,OTHERS,SOUTH KOREA,Yes,,,,,,,,,,
15941,REVISIONS,RE_015941,REINFORCEMENT,GTC*L,,2012-06-29 08:28:17,1121,Anthony Hardy,Anthony Hardy,,Completed,PAPER WORK - Completed,RFCH,1,WIRE,BEAD WIRE,,,,,,,,,,,,,,Steel,Wire,EMEA,Luxembourg,,RF0041948,,,,,,,,,,,,,,Change of Cumaron to Novares C-90,,,,,,EMEA,Luxembourg,RFCH,,,,,,,,,,,,,,,,,,,,
18038,SOURCE CHANGE,SC_018038,REINFORCEMENT,GTC*A,,2013-01-11 14:00:17,92,Neil Kern,Daniel Kowalski,,Cancelled,PPO REINFORCMENT - Completed,RFCH,1,WIRE,BEAD WIRE,KISWIRE,HONG DUK,Hong Duk,Others,South Korea,"Hong Duk, South Korea",242CH,,,,,,,Steel,Wire,NA,Topeka,,RF0042267,,,,,,,,,,,,,,Cost Savings,,,,,,,,RF0042267,Kiswire - Bead Wire,"Hong Duk, South Korea",Hong Duk,JBU,KISWIRE,HONG DUK,HONG DUK,OTHERS,SOUTH KOREA,Yes,,,,,,,,,,
17924,SOURCE CHANGE,SC_017924,REINFORCEMENT,GTC*L,,2012-12-18 16:27:20,1100,Neil Kern,Thomas Gillmann,,Cancelled,PROGRAM INITIATION - Positive Priority Entered ,RFCH,1,WIRE,BEAD WIRE,BMZ,MICORD,"Micord, Bielorussia",Others,Russia,"Micord, Bielorussia, Russia",312CH,,,,,,,Steel,Wire,EMEA,Sava,,RF0042216,,,,,,,,,,,,,,,,,,,,,,RF0042216,BMZ,"Micord, Bielorussia","Micord, Bielorussia",ECH,BMZ,MICORD,"MICORD, BIELORUSSIA",OTHERS,RUSSIA,Yes,,,,,,,,,,
18042,EMERGENCY,ER_018042,REINFORCEMENT,GTC*A,,2013-01-11 15:11:25,159,Rob Wyszynski,Rob Wyszynski,,Cancelled,PROGRAM INITIATION - In Progress ,RFFP,1,WIRE,STEEL CORD,BEKAERT,ROGERS,Rogers,AR,USA,"Rogers, AR, USA",BB02FP,,,,,,,Steel,Wire,,,,RF0042271,,,,,,,,,,,,,,Regional shortage.,,,,,,,,RF0042271,BEKAERT,"Rogers, AR, USA",Rogers,AMX,BEKAERT,ROGERS,ROGERS,AR,USA,Yes,,,,,,,,,,
19314,SOURCE CHANGE,SC_019314,REINFORCEMENT,GTC*A,,2013-07-23 16:42:59,107,Emily Weaver,Wagner Bernardo,,Cancelled,PROGRAM INITIATION -  ,RFQV28,1,GREIGE,POLYESTER - HMLS AA,HYOSUNG CORPORATION,DONG NAI,Dong Nai,Others,Vietnam,"Dong Nai, Vietnam",QV28,,,,,,,Fabric,Fabric,,,,RF0042560,,,,,,,,,,,,,,,,,,,,,,RF0042560,HYOSUNG CORPORATION,"Dong Nai, Vietnam",Dong Nai,JPK,HYOSUNG CORPORATION,DONG NAI,DONG NAI,OTHERS,VIETNAM,Yes,,,,,,,,,,
19315,SOURCE CHANGE,SC_019315,REINFORCEMENT,GTC*A,,2013-07-23 16:43:03,107,Emily Weaver,Wagner Bernardo,,Cancelled,PPO REINFORCMENT - Completed,RFQV28,1,GREIGE,POLYESTER - HMLS AA,HYOSUNG CORPORATION,DONG NAI,Dong Nai,Others,Vietnam,"Dong Nai, Vietnam",QV28,,,,,,,Fabric,Fabric,LA,Americana,,RF0042561,,,,,,,,,,,,,,Cost savings program as well as allocation change requireed to meet Hyosung contractual PET volume requirement,,,,,,,,RF0042561,HYOSUNG CORPORATION,"Dong Nai, Vietnam",Dong Nai,JPK,HYOSUNG CORPORATION,DONG NAI,DONG NAI,OTHERS,VIETNAM,Yes,,,,,,,,,,
20397,SOURCE CHANGE,SC_020397,REINFORCEMENT,GTC*L,,2013-12-11 14:30:38,750,Trevor Kish,Vickie Weeter,,Cancelled,PROGRAM INITIATION - Positive Priority Entered ,RFCH,1,WIRE,BEAD WIRE,BEKAERT,JIANGYIN,Jiangyin,Others,China,"Jiangyin, China",028CH,,,,,,,Steel,Wire,EMEA,Sava,,RF0042806,,,,,,,,,,,,,,Contractual Obligation,,,,,,,,RF0042806,BEKAERT,"Jiangyin, China",Jiangyin,JTM,BEKAERT,JIANGYIN,JIANGYIN,OTHERS,CHINA,Yes,,,,,,,,,,
20396,SOURCE CHANGE,SC_020396,REINFORCEMENT,GTC*L,,2013-12-11 14:25:07,750,Trevor Kish,Vickie Weeter,,Cancelled,PROGRAM INITIATION - Positive Priority Entered ,RFCH,1,WIRE,BEAD WIRE,BEKAERT,JIANGYIN,Jiangyin,Others,China,"Jiangyin, China",028CH,,,,,,,Steel,Wire,EMEA,Debica,,RF0042805,,,,,,,,,,,,,,Contractual Obligation,,,,,,,,RF0042805,BEKAERT,"Jiangyin, China",Jiangyin,JTM,BEKAERT,JIANGYIN,JIANGYIN,OTHERS,CHINA,Yes,,,,,,,,,,
20357,SOURCE CHANGE,SC_020357,REINFORCEMENT,GTC*L,,2013-12-06 14:06:08,750,Neil Kern,Vickie Weeter,,Cancelled,PROGRAM INITIATION -  ,RFCH,1,WIRE,BEAD WIRE,BEKAERT,JIANGYIN,Jiangyin,Others,China,"Jiangyin, China",028CH,,,,,,,Steel,Wire,,,,RF0042797,,,,,,,,,,,,,,,,,,,,,,RF0042797,BEKAERT,"Jiangyin, China",Jiangyin,JTM,BEKAERT,JIANGYIN,JIANGYIN,OTHERS,CHINA,Yes,,,,,,,,,,
20362,SOURCE CHANGE,SC_020362,REINFORCEMENT,GTC*L,,2013-12-06 15:46:28,750,Neil Kern,Vickie Weeter,,Cancelled,PROGRAM INITIATION - Negative Priority Entered ,RFCH,1,WIRE,BEAD WIRE,BEKAERT,JIANGYIN,Jiangyin,Others,China,"Jiangyin, China",028CH,,,,,,,Steel,Wire,EMEA,Debica,,RF0042798,,,,,,,,,,,,,,Source change for productivity & contractual agreement for factoring,,,,,,,,RF0042798,BEKAERT,"Jiangyin, China",Jiangyin,JTM,BEKAERT,JIANGYIN,JIANGYIN,OTHERS,CHINA,Yes,,,,,,,,,,
20363,SOURCE CHANGE,SC_020363,REINFORCEMENT,GTC*L,,2013-12-06 15:52:16,750,Neil Kern,Vickie Weeter,,Cancelled,PROGRAM INITIATION - Negative Priority Entered ,RFCH,1,WIRE,BEAD WIRE,BEKAERT,JIANGYIN,Jiangyin,Others,China,"Jiangyin, China",028CH,,,,,,,Steel,Wire,EMEA,Sava,,RF0042799,,,,,,,,,,,,,,source change for 2014 for productivity and contractual agreement for factoring,,,,,,,,RF0042799,BEKAERT,"Jiangyin, China",Jiangyin,JTM,BEKAERT,JIANGYIN,JIANGYIN,OTHERS,CHINA,Yes,,,,,,,,,,
51326,SOURCE CHANGE,SC_051326,REINFORCEMENT,GTC*L,,2018-01-24 13:55:50,6580,Klaudia Hailey,Ekrem Inaler,,Cancelled,TIRE BUILD -,RFCH,1,WIRE,BEAD WIRE,KISWIRE,CZECH REPUBLIC,Czech Republic,Others,Czech Republic,"Czech Republic, Czech Republic",248CH,,,,,,,Steel,Wire,EMEA,Debica,,RF0045165,,,,,,,,,,,,,,Quality problem with supplier Kern (deliveries put on-hold) and supplier Bekaert doesn't have the capacity to support the volume at risk (Q1 January 2018). Need to initiate a source change to limit production stoppage.,,,,,,,,RF0045165,Kiswire - Bead Wire,Czech Republic,Czech Republic,LXJ,KISWIRE,CZECH REPUBLIC,CZECH REPUBLIC,OTHERS,CZECH REPUBLIC,Yes,,,,,,,,,,
25872,REVISIONS,RE_025872,REINFORCEMENT,GTC*A,,2015-05-27 15:58:55,4360,Srinivas Iyer,Srinivas Iyer,,Completed,PAPER WORK - Completed  Completed,RFCH,1,WIRE,BEAD WIRE,,,,,,,,,,,,,,Steel,Wire,NA,Danville,2015-09-04,RFW00016,,,,,,,,,,,,,,Reapproval of Codes after Bekaert Rome Fire and Plant Upgrades,,1.83MM HT,WIRE,BEAD WIRE,,"AP, EMEA, LA, NA",,RFCH,,,,,,,,,,,,,,,,,,,,
96177,NEW SOURCE,NS_096177,REINFORCEMENT,GTC*A,,2020-08-06 17:20:30,2340,Jim Kish,Jim Kish,,Created,PROGRAM INITIATION -  ,RFB05L,1,YARN,NYLON 6,,,,,,,,,,,,,,Fabric,Fabric,,,,RF0046101,,,,,,,,,,,,,,,,,,,,,,RF0046101,,,,,,,,,,,,,,,,,,,,
93671,REVISIONS,RE_093671,REINFORCEMENT,GTC*A,,2020-07-09 09:06:35,10540,Matthew Hecht,Matthew Hecht,,Cancelled,LAB EVALUATION - Skipped FP is de-risked by FR. Lab evaluation will be done on process trial materials.,RFFP,1,WIRE,STEEL CORD,,,,,,,,,,,,,,Steel,Wire,NA,Danville,,RFS00140,,,,,,,,,,,,,,"&#8203;Procurement would like to re-approval Hyosung Vietnam (JTR - Hyosung Vietnam - Steel Cord Plant) for FP at Goodyear Danville 60% allocation for 2020. Lubricant approval.

Solvay France is shutting down its ADM lubricant line in December 2020. Approval of Zeller lubricants with Hyosung materials has to be copleted prior to January 1st 2021 to enable supply disruption from Hyosung. &#8203;",,FP (1x.21/18x.185 UT),WIRE,STEEL CORD,,"AP, EMEA, LA, NA",,RFS00140,,,,,,,,,,,,,,,,,,,,
120436,REVISIONS,RE_120436,REINFORCEMENT,GTC*A,,2021-08-13 16:13:31,11060,Diego Navarro,Diego Navarro,,Completed,PAPER WORK - Completed,RFFP,1,WIRE,STEEL CORD,,,,,,,,,,,,,,Steel,Wire,NA,Topeka,2023-03-03,RFS00153,,,,,,,,,,,,,,"&#8203;Procurement is launching this project to approve the FP code produced at ALB - Kiswire Steel Cord Chang Won, South Korea Plant is changing their manufacturing process.

FP reapproval at KCL-CW (Rod, patenting, pickling, plating changes)",,"FP(1x.21/18x.185 UT) Reapproval from Kiswire Chang won Korea Pickling, Patenting and Plating change",WIRE,STEEL CORD,,"AP, EMEA, LA, NA",,RFFP,,,,,,,,,,,,,,,,,,,,
24154,REVISIONS,RE_024154,REINFORCEMENT,GTC*A,,2014-11-25 14:14:16,4360,Srinivas Iyer,Srinivas Iyer,,Completed,PAPER WORK - Completed  Paperwork only because of regional extension.,RFCH,1,WIRE,BEAD WIRE,,,,,,,,,,,,,,Steel,Wire,NA,Buffalo / Tonawanda,,RF0043374,,,,,,,,,,,,,,"Beadwire approvals are done by performing adhesion testing in BA332 compound. BA332 is a global compound and hence approvals are considered for global use. 

For the current situation Business Continuity is trying to be maintained on the occasion of fire at Bekaert Rome. No additional lab testing is being performed to expedite the material transfer process. Processing of initial creels will be monitored. SBAT will be performed for release at the plant.",,,,,,"LA, NA",Buffalo / Tonawanda,RFCH,,,,,,,,,,,,,,,,,,,,
39971,REVISIONS,RE_039971,REINFORCEMENT,GTC*A,,2016-08-10 11:37:47,1060,Ken Kot,Ken Kot,,Completed,"PAPER WORK - Completed  LH23MA base will be assigned two yarn codes, I11L and I16L",RFLH23MA,1,FABRIC,NYLON 6,,,,,,,,,,,,,,Fabric,Fabric,AP,Ballabgarh,,RF0044301,,,,,,,,,,,,,,Re-approve fabric code LH23MA,,,,,,AP,Ballabgarh,RFLH23MA,,,,,,,,,,,,,,,,,,,,
24187,EMERGENCY,ER_024187,REINFORCEMENT,GTC*L,,2014-11-26 09:03:09,3961,Trevor Kish,Etienne Schauer,,Cancelled,PROGRAM INITIATION - Completed ,RFCH,1,WIRE,BEAD WIRE,TRAFILERIE MERIDIONALI,CHIETI SCALO,CHIETI SCALO,Others,Italy,"CHIETI SCALO, Italy",201CH,,,,,,,Steel,Wire,EMEA,Izmit,,RF0043376,,,,,,,,,,,,,,Emergency Source Change to support activities due to the Bekaert Rome fire.,,,,,,,,RF0043376,TRAFILERIE MERIDIONALI,"CHIETI SCALO, ITALY",CHIETI SCALO,ALL,TRAFILERIE MERIDIONALI,CHIETI SCALO,CHIETI SCALO,OTHERS,ITALY,No,,,,,,,,,,
64737,SOURCE CHANGE,SC_064737,REINFORCEMENT,GTC*A,,2018-11-20 14:18:49,5640,Klaudia Hailey,Carolina Gomez-Blatner,,Created,PROGRAM INITIATION - In Progress ,RFCH,1,WIRE,BEAD WIRE,BEKAERT,BRAZIL,,Others,Brazil,Brazil,091CH,,,,,,,Steel,Wire,LA,Colombia,2019-04-26,RF0045583,,,,,,,,,,,,,,"Procurement would like to introduce BBA - Belgo Bekaert Arames at Goodyear Colombia for Bead wire code CH with 50% allocation for 2019.
Incumbent supplier is Kiswire Hongduk, Korea.
BBA - Belgo Bekaert Arames is more competitive than Kiswire Hongduk which generate a 2019 productivity",,,,,,,,RF0045583,Bekaert Brazil ¿ BBA,Brazil,,DAO,BEKAERT,BRAZIL,,OTHERS,BRAZIL,Yes,,,,,,,,,,
81729,REVISIONS,RE_081729,REINFORCEMENT,GTC*A,,2020-01-20 19:03:15,7980,Ann Myers,Ann Myers,,Cancelled,PAPER WORK - Spec Accepted by Supplier,RFFP,1,WIRE,STEEL CORD,,,,,,,,,,,,,,Steel,Wire,NA,Topeka,,RFS00127,,,,,,,,,,,,,,Kiswire is proposing a change to one of their lubricant ingredients for EHS reasons,,F501FP with NP Free lubricant,WIRE,STEEL CORD,,"AP, EMEA, LA, NA",,RFS00127,,,,,,,,,,,,,,,,,,,,
96903,REVISIONS,RE_096903,REINFORCEMENT,GTC*L,,2020-08-14 10:19:37,3961,Etienne Schauer,Etienne Schauer,,Completed,PAPER WORK - Completed,RFCH,1,WIRE,BEAD WIRE,,,,,,,,,,,,,,Steel,Wire,AP,Pulandian,2020-12-11,RFGL2114,,,,,,,,,,,,,,Switch from Lead bath to IF,,1.83mm HT,WIRE,BEAD WIRE,,"AP, EMEA, LA, NA",,RFCH,,,,,,,,,,,,,,,,,,,,
64989,SOURCE CHANGE,SC_064989,REINFORCEMENT,GTC*L,,2018-11-29 09:15:58,1420,Klaudia Hailey,Venkat Venkatachalam,,Cancelled,PPO REINFORCMENT - Completed,RFCH,1,WIRE,BEAD WIRE,HYOSUNG CORPORATION,DONG NAI - STEELCORD,Dong Nai,Others,Vietnam,"- Steelcord, Dong Nai, Vietnam",262CH,,,,,,,Steel,Wire,AP,Nippon Giant,,RF0045598,,,,,,,,,,,,,,"Justification
Procurement would like to introduce Hyosung Vietnam (HYOSUNG VIETNAM STEEL CORD PLANT) for CH at Nippon Giant with 20% allocation for 2019.
Incumbent supplier is KISWIRE (Kiswire BEAD WIRE- QINGDAO, CHINA) and Hyosung Vietnam has just been approved (but not allocated) at Danville in Jan-18.Hyosung Vietnam is more competitive than Kiswire which generate a 2019 productivity (allocation is intended). Also, Goodyear wants to allocate CH to Hyosung to maintain Hyosung CH approval realized at Danville in 2016/2017. This allocation at Nippon Giant will enable Goodyear to better leverage Hyosung and beadwire suppliers during 2020 tender. S",,,,,,,,RF0045598,HYOSUNG CORPORATION,Dong Nai - Steelcord,Dong Nai,JTR,HYOSUNG CORPORATION,DONG NAI - STEELCORD,DONG NAI,OTHERS,VIETNAM,Yes,,,,,,,,,,
114409,SOURCE CHANGE,SC_114409,REINFORCEMENT,GTC*L,,2021-04-15 15:26:59,11401,Che-Che Lascona,Zhitian Zhao,,Created,PROGRAM INITIATION -  ,RFCH,1,WIRE,BEAD WIRE,HYOSUNG CORPORATION,DONG NAI - STEELCORD,Dong Nai,Others,Vietnam,"- Steelcord, Dong Nai, Vietnam",262CH,,,,,,,Steel,Wire,,,,RF0046357,,,,,,,,,,,,,,,,,,,,,,RF0046357,HYOSUNG CORPORATION,Dong Nai - Steelcord,Dong Nai,JTR,HYOSUNG CORPORATION,DONG NAI - STEELCORD,DONG NAI,OTHERS,VIETNAM,Yes,,,,,,,,,,
24352,REVISIONS,RE_024352,REINFORCEMENT,GTC*A,,2014-12-15 09:58:37,3961,Etienne Schauer,Etienne Schauer,,Completed,PAPER WORK - Completed,RFCH,1,WIRE,BEAD WIRE,,,,,,,,,,,,,,Steel,Wire,,,,RF0043417,,,,,,,,,,,,,,Business Continuity: Bekaert Rome's fire,,,,,,"AP, EMEA, LA, NA",,RFCH,,,,,,,,,,,,,,,,,,,,
81014,SOURCE CHANGE,SC_081014,REINFORCEMENT,GTC*L,,2020-01-02 12:23:06,6580,Stewart Foster,Ekrem Inaler,,Cancelled,PPO REINFORCMENT - Completed,RFCH,1,WIRE,BEAD WIRE,SHANDONG DAYE CO. LTD,SHANDONG XINXING INDUSTRIAL PARK,Shandong Province,Others,China,"Shandong XinXing Industrial Park, Shandong Province, China",411CH,,,,,,,Steel,Wire,EMEA,Luxembourg,,RF0045941,,,,,,,,,,,,,,"


&#8203;Procurement would like to introduce Shangdong Daye (JVD - SHANDONG DAYE CO., LTD) for CH at Luxembourg for allocation in 2021.
Incumbent suppliers for CH to Luxembourg are Bekaert EHK - BEKAERT - SLOVAKIA (SLADKOVICOVO) (60%), Kiswire LXJ - KISWIRE CORD CZECH, SRO - CZECH REPUBLIC (23%) & Trame ALL - TRAFILERIE MERIDIONALI,CHIETI, ITA(17%).

New supplier Shangdong Daye is more competitive than Incumbent supplier which will generate a productivity leverage for next negotiations (allocation is not intended). 275k USD based on 2020 volumes for 23% allocation.

CH supply in Europe is tight and Daye could potentially gain some allocation if security of supply in one year is at risk.",,,,,,,,RF0045941,Shandong Daye Co. Ltd,Shandong XinXing Industrial Park,Shandong Province,JVD,SHANDONG DAYE CO. LTD,SHANDONG XINXING INDUSTRIAL PARK,SHANDONG PROVINCE,OTHERS,CHINA,Yes,,,,,,,,,,
127997,SOURCE CHANGE,SC_127997,REINFORCEMENT,GTC*A,,2022-01-12 13:48:14,11760,Che-Che Lascona,Travis Swalve,,Created,PROGRAM INITIATION - In Progress ,RFCH,1,WIRE,BEAD WIRE,BEKAERT,BRAZIL,,Others,Brazil,Brazil,091CH,,,,,,,Steel,Wire,LA,Colombia,2022-04-08,RF0046666,,,,,,,,,,,,,,"Procurement would like to introduce BBA ¿ Belgo Bekaert Arames new plant at Itauna, MG ¿ Brazil for bead wire code CH at Goodyear Peru with 100% allocation for 2022.

Incumbent supplier is BBA ¿ Belgo Bekaert Arames in Osasco, SP - Brazil who will be replaced by the new BBA Ita¿na Plant.

This project is part of the BBA new investment in Brazil transferring production from Osasco to Ita¿na. 

GY Americana project has already been completed (Project ID : SQ-002101)",,,,,,,,RF0046666,Bekaert Brazil ¿ BBA,Brazil,,DAO,BEKAERT,BRAZIL,,OTHERS,BRAZIL,Yes,,,,,,,,,,
42865,SOURCE CHANGE,SC_042865,REINFORCEMENT,GTC*L,,2017-01-12 12:33:16,750,Branden Pelle,Vickie Weeter,,Cancelled,PPO REINFORCMENT - Completed,RFCH,1,WIRE,BEAD WIRE,GUSTAV WOLF,GUTERSLOH,GUTERSLOH,Others,Germany,"GUTERSLOH, Germany",071CH,,,,,,,Steel,Wire,EMEA,Luxembourg,,RF0044472,,,,,,,,,,,,,,"Following business negotiations with Gustav Wolf for 2017, we will be completing a Source Change for CH to Luxembourg. Gustav Wolf will be allocated 20% of CH to Luxembourg in 2017 leading to a cost savings of about $3,118. This allocation is part of a global volume deal with Gustav Wolf that has a total savings of $142,928.",,,,,,,,RF0044472,GUSTAV WOLF,"GUTERSLOH, GERMANY",GUTERSLOH,,GUSTAV WOLF,GUTERSLOH,GUTERSLOH,OTHERS,GERMANY,Yes,,,,,,,,,,
50954,SOURCE CHANGE,SC_050954,REINFORCEMENT,GTC*L,,2018-01-10 12:53:51,6580,Klaudia Hailey,Ekrem Inaler,,Created,PROGRAM INITIATION - In Progress ,RFCH,1,WIRE,BEAD WIRE,KISWIRE,CZECH REPUBLIC,Czech Republic,Others,Czech Republic,"Czech Republic, Czech Republic",248CH,,,,,,,Steel,Wire,EMEA,Luxembourg,,RF0045126,,,,,,,,,,,,,,"This Source Change trial is for 2018 Productivity purposes. A 23% allocation of CH in Luxembourg to Kiswire is associated with a savings of $56,286.",,,,,,,,RF0045126,Kiswire - Bead Wire,Czech Republic,Czech Republic,LXJ,KISWIRE,CZECH REPUBLIC,CZECH REPUBLIC,OTHERS,CZECH REPUBLIC,Yes,,,,,,,,,,
128687,REVISIONS,RE_128687,REINFORCEMENT,GTC*L,,2022-01-28 03:30:38,12360,Cyriel De Chausey,Cyriel De Chausey,,Completed,PAPER WORK - Completed,RFCH,1,WIRE,BEAD WIRE,,,,,,,,,,,,,,Steel,Wire,AP,Pulandian,2022-04-22,RFGL2118,,,,,,,,,,,,,,"Kiswire QIngdao did Pickling change , we need to do re-approval to secure the supply to PLD plant.",,1.83MM HT,WIRE,BEAD WIRE,,"AP, EMEA, LA, NA",,RFCH,,,,,,,,,,,,,,,,,,,,
128688,REVISIONS,RE_128688,REINFORCEMENT,GTC*L,,2022-01-28 03:49:37,12360,Cyriel De Chausey,Cyriel De Chausey,,Completed,PAPER WORK - Completed,RFCH,1,WIRE,BEAD WIRE,,,,,,,,,,,,,,Steel,Wire,AP,Nippon Giant,2022-06-03,RFGL2119,,,,,,,,,,,,,,"Kiswire Hongduk did pickling change, as Kiswire supply 100% allocation CH to NGT, need to ensure the supply by the re-approval completely earler",,1.83MM HT,WIRE,BEAD WIRE,,"AP, EMEA, LA, NA",,RFCH,,,,,,,,,,,,,,,,,,,,
135153,REVISIONS,RE_135153,REINFORCEMENT,GTC*L,,2022-07-13 06:41:01,12360,Cyriel De Chausey,Cyriel De Chausey,,Completed,PAPER WORK - Completed,RFCH,1,WIRE,BEAD WIRE,,,,,,,,,,,,,,Steel,Wire,EMEA,Izmit,2022-12-02,RFGL2123,,,,,,,,,,,,,,Security of supply,,1.83 mm HT,WIRE,BEAD WIRE,,"AP, EMEA, LA, NA",,RFCH,,,,,,,,,,,,,,,,,,,,
136530,SOURCE CHANGE,SC_136530,REINFORCEMENT,GTC*L,,2022-08-22 13:37:31,6580,Ryan Zilliox,Ekrem Inaler,,Created,PROGRAM INITIATION - In Progress ,RFCH,1,WIRE,BEAD WIRE,BEKAERT,SLADKOVICOVO,SLADKOVICOVO,Others,Slovak Republic,"SLADKOVICOVO, Slovak Republic",027CH,,,,,,,Steel,Wire,EMEA,Wittlich,,RF0046966,,,,,,,,,,,,,,Plant transfer from Lux Tire due to Kiswire supply gap.,,,,,,,,RF0046966,BEKAERT,"SLADKOVICOVO, SLOVAK REPUBLIC",SLADKOVICOVO,EHK,BEKAERT,SLADKOVICOVO,SLADKOVICOVO,OTHERS,SLOVAK REPUBLIC,Yes,,,,,,,,,,
136167,REVISIONS,RE_136167,REINFORCEMENT,GTC*L,,2022-08-10 04:22:36,6200,Gabriel Bonnet,Gabriel Bonnet,,Completed,PAPER WORK - Completed,RFRW31SH,1,FABRIC,RAYON,,,,,,,,,,,,,,Fabric,Fabric,EMEA,Fulda,2023-04-14,RFGTC1272SH,,,,,,,,,,,,,,"Glanzstoff is optimizing its EU footprint and will use their slovakian plant Kordarna to do the twisting and weaving operations. Dipping would stay at TCS TextilCord. 
	
	This approval is a first step approval. RN26 will follow.
	
	Kordarna is already approved for RQ24SE
	
	0.093 EUR/kg is the advantage benefit or 20k$
",,"RAYON, 1220/1/2, 12,3/12,3 TPI, 31 EPI, SH",FABRIC,RAYON,,"AP, EMEA, LA, NA",,RFRW31SH,,,,,,,,,,,,,,,,,,,,
144959,SOURCE CHANGE,SC_144959,REINFORCEMENT,GTC*A,,2024-05-29 15:55:13,12560,Mark Cantos,Eric Wiedlund,,Created,PROGRAM INITIATION - In Progress ,RFFP,1,WIRE,STEEL CORD,BEKAERT,SHENYANG BSAP,Shenyang,Others,China,"BSAP, Shenyang, China",BL01FP,,,,,,,Steel,Wire,NA,Topeka,2024-07-26,RF0047608,,,,,,,,,,,,,,&#8203;Topeka has a supply gap June 1.  This project is to provide material to bridge that gap,,,,,,,,RF0047608,BEKAERT,"Shenyang BSAP, China",Shenyang,JOH,BEKAERT,SHENYANG BSAP,SHENYANG,OTHERS,CHINA,Yes,,,,,,,,,,
146002,SOURCE CHANGE,SC_146002,REINFORCEMENT,GTC*A,,2024-10-31 01:37:33,12560,Mark Cantos,Eric Wiedlund,,Created,PROGRAM INITIATION - In Progress ,RFCH,1,WIRE,BEAD WIRE,KISWIRE,HONG DUK,Hong Duk,Others,South Korea,"Hong Duk, South Korea",242CH,,,,,,,Steel,Wire,LA,Americana,2025-02-21,RF0047814,,,,,,,,,,,,,,&#8203;Columbia has material that will expire in Jan. This project is to move some material to Ameriana.,,,,,,,,RF0047814,Kiswire - Bead Wire,"Hong Duk, South Korea",Hong Duk,JBU,KISWIRE,HONG DUK,HONG DUK,OTHERS,SOUTH KOREA,Yes,,,,,,,,,,
146125,REVISIONS,RE_146125,REINFORCEMENT,GTC*L,,2024-12-02 04:16:33,6601,Arun Manogaran,Arun Manogaran,,Completed,PAPER WORK - Completed,RFCH,1,WIRE,BEAD WIRE,,,,,,,,,,,,,,Steel,Wire,EMEA,Izmit,2024-12-20,RFGL2132,,,,,,,,,,,,,,new process change (change of cumar resin from C100 to YT-C100),,1.83mm HT,WIRE,BEAD WIRE,,"AP, EMEA, LA, NA",,RFCH,,,,,,,,,,,,,,,,,,,,
144670,SOURCE CHANGE,SC_144670,REINFORCEMENT,GTC*L,,2024-05-01 04:25:42,13440,Mark Cantos,Liping Hu,,Created,PROGRAM INITIATION - In Progress ,RFCH,1,WIRE,BEAD WIRE,KISWIRE,QINGDAO,Qingdao,Others,China,"Qingdao, China",246CH,,,,,,,Steel,Wire,AP,Qingdao,2024-07-12,RF0047549,,,,,,,,,,,,,,&#8203;&#8203;Security of Supply. Kiswire Rongcheng has the plan to do plant renovation.,,,,,,,,RF0047549,Kiswire - Bead Wire,"Qingdao, China",Qingdao,JMA,KISWIRE,QINGDAO,QINGDAO,OTHERS,CHINA,Yes,,,,,,,,,,
146351,SOURCE CHANGE,SC_146351,REINFORCEMENT,GTC*L,,2025-01-22 04:55:23,11401,Mark Cantos,Zhitian Zhao,,Created,PROGRAM INITIATION - In Progress ,RFLC16SD,1,FABRIC,NYLON 6,JUNMA,ZHANGJIAGANG,Zhangjiagang,Others,China,"Zhangjiagang, China",U08LC16SD,,,,,,,Fabric,Fabric,AP,Indonesia,,,,,,,,,,,,,,,,"Per Philippe (priority meeting, Jan 16th): Will just need to ensure that /C is updated in the spec and signed off by supplier.

&#8203;To improve the process, Indonesia team would like to change the Fabric width to suffix C.",,,,,,,,RF,Junma,Zhangjiagang,Zhangjiagang,JNC,JUNMA,ZHANGJIAGANG,ZHANGJIAGANG,OTHERS,CHINA,No,,,,,,,,,,
