SP_VALUE,SP_VERSION,CONTEXT,SP_KEY1,SP_KEY2,SP_KEY3,SP_KEY4,SP_KEY5,IC_CAPTION,IC_ORDER,II_CAPTION,IE_SHORT_DESC,IE_VERSION,II_ORDER,FILE_NAME
RFFP,1,Supplier,HYOSUNG CORPORATION,DONG NAI - STEELCORD,,,C401FP,MIS Migrated Data,,Documents,docDocuments,,,NS_013962_00_Program Initiation.html
RFFP,1,Supplier,HYOSUNG CORPORATION,DONG NAI - STEELCORD,,,C401FP,MIS Migrated Data,,Documents,docDocuments,,,NS_013962_01_Reinforcement Material Info.html
RFFP,1,Supplier,HYOSUNG CORPORATION,DONG NAI - STEELCORD,,,C401FP,MIS Migrated Data,,Documents,docDocuments,,,NS_013962_02_Lab Evaluation.html
RFFP,1,Supplier,HYOSUNG CORPORATION,DONG NAI - STEELCORD,,,C401FP,MIS Migrated Data,,Documents,docDocuments,,,NS_013962_03_GPS Regulatory Approval.html
RFFP,1,Supplier,HYOSUNG CORPORATION,DONG NAI - STEELCORD,,,C401FP,MIS Migrated Data,,Documents,docDocuments,,,NS_013962_04_SQA.html
RFFP,1,Supplier,HYOSUNG CORPORATION,DONG NAI - STEELCORD,,,C401FP,MIS Migrated Data,,Documents,docDocuments,,,NS_013962_05_Prepare Plant Order.html
RFFP,1,Supplier,HYOSUNG CORPORATION,DONG NAI - STEELCORD,,,C401FP,MIS Migrated Data,,Documents,docDocuments,,,NS_013962_06_Processing Trial.html
RFFP,1,Supplier,HYOSUNG CORPORATION,DONG NAI - STEELCORD,,,C401FP,MIS Migrated Data,,Documents,docDocuments,,,NS_013962_07_Prepare Plant Order.html
RFFP,1,Supplier,HYOSUNG CORPORATION,DONG NAI - STEELCORD,,,C401FP,MIS Migrated Data,,Documents,docDocuments,,,NS_013962_08_Volume Trial.html
RFFP,1,Supplier,HYOSUNG CORPORATION,DONG NAI - STEELCORD,,,C401FP,MIS Migrated Data,,Documents,docDocuments,,,NS_013962_09_Paper Work.html
RFFP,1,Supplier,HYOSUNG CORPORATION,DONG NAI - STEELCORD,,,C401FP,MIS Migrated Data,,Documents,docDocuments,,,NS_013962_10_SOS Reinforcment.html
RFFP,1,Supplier,HYOSUNG CORPORATION,DONG NAI - STEELCORD,,,C401FP,MIS Migrated Data,,Documents,docDocuments,,,NS_013962_Dashboard.html
RFCH,1,Supplier,BEKAERT,JIANGYIN,,,028CH,MIS Migrated Data,,Documents,docDocuments,,,NS_014624_00_Program Initiation.html
RFCH,1,Supplier,BEKAERT,JIANGYIN,,,028CH,MIS Migrated Data,,Documents,docDocuments,,,NS_014624_01_Reinforcement Material Info.html
RFCH,1,Supplier,BEKAERT,JIANGYIN,,,028CH,MIS Migrated Data,,Documents,docDocuments,,,NS_014624_02_Lab Evaluation.html
RFCH,1,Supplier,BEKAERT,JIANGYIN,,,028CH,MIS Migrated Data,,Documents,docDocuments,,,NS_014624_03_GPS Regulatory Approval.html
RFCH,1,Supplier,BEKAERT,JIANGYIN,,,028CH,MIS Migrated Data,,Documents,docDocuments,,,NS_014624_04_SQA.html
RFCH,1,Supplier,BEKAERT,JIANGYIN,,,028CH,MIS Migrated Data,,Documents,docDocuments,,,NS_014624_05_Prepare Plant Order.html
RFCH,1,Supplier,BEKAERT,JIANGYIN,,,028CH,MIS Migrated Data,,Documents,docDocuments,,,NS_014624_06_Processing Trial.html
RFCH,1,Supplier,BEKAERT,JIANGYIN,,,028CH,MIS Migrated Data,,Documents,docDocuments,,,NS_014624_07_Prepare Plant Order.html
RFCH,1,Supplier,BEKAERT,JIANGYIN,,,028CH,MIS Migrated Data,,Documents,docDocuments,,,NS_014624_08_Volume Trial.html
RFCH,1,Supplier,BEKAERT,JIANGYIN,,,028CH,MIS Migrated Data,,Documents,docDocuments,,,NS_014624_09_Paper Work.html
RFCH,1,Supplier,BEKAERT,JIANGYIN,,,028CH,MIS Migrated Data,,Documents,docDocuments,,,NS_014624_10_SOS Reinforcment.html
RFCH,1,Supplier,BEKAERT,JIANGYIN,,,028CH,MIS Migrated Data,,Documents,docDocuments,,,NS_014624_Dashboard.html
RFRW31SH,1,Supplier,INDORAMA VENTURES MOBILITY,LUXEMBOURG,INDORAMA VENTURES MOBILITY,LUXEMBOURG,Q09RW31SH,MIS Migrated Data,,Documents,docDocuments,,,NM_021475_00_Program Initiation.html
RFRW31SH,1,Supplier,INDORAMA VENTURES MOBILITY,LUXEMBOURG,INDORAMA VENTURES MOBILITY,LUXEMBOURG,Q09RW31SH,MIS Migrated Data,,Documents,docDocuments,,,NM_021475_01_Reinforcement Material Info.html
RFRW31SH,1,Supplier,INDORAMA VENTURES MOBILITY,LUXEMBOURG,INDORAMA VENTURES MOBILITY,LUXEMBOURG,Q09RW31SH,MIS Migrated Data,,Documents,docDocuments,,,NM_021475_02_Lab Evaluation.html
RFRW31SH,1,Supplier,INDORAMA VENTURES MOBILITY,LUXEMBOURG,INDORAMA VENTURES MOBILITY,LUXEMBOURG,Q09RW31SH,MIS Migrated Data,,Documents,docDocuments,,,NM_021475_03_Global Product Stewardship.html
RFRW31SH,1,Supplier,INDORAMA VENTURES MOBILITY,LUXEMBOURG,INDORAMA VENTURES MOBILITY,LUXEMBOURG,Q09RW31SH,MIS Migrated Data,,Documents,docDocuments,,,NM_021475_04_SQA.html
RFRW31SH,1,Supplier,INDORAMA VENTURES MOBILITY,LUXEMBOURG,INDORAMA VENTURES MOBILITY,LUXEMBOURG,Q09RW31SH,MIS Migrated Data,,Documents,docDocuments,,,NM_021475_05_Prepare Plant Order.html
RFRW31SH,1,Supplier,INDORAMA VENTURES MOBILITY,LUXEMBOURG,INDORAMA VENTURES MOBILITY,LUXEMBOURG,Q09RW31SH,MIS Migrated Data,,Documents,docDocuments,,,NM_021475_06_Tire Build.html
RFRW31SH,1,Supplier,INDORAMA VENTURES MOBILITY,LUXEMBOURG,INDORAMA VENTURES MOBILITY,LUXEMBOURG,Q09RW31SH,MIS Migrated Data,,Documents,docDocuments,,,NM_021475_07_Tire Test.html
RFRW31SH,1,Supplier,INDORAMA VENTURES MOBILITY,LUXEMBOURG,INDORAMA VENTURES MOBILITY,LUXEMBOURG,Q09RW31SH,MIS Migrated Data,,Documents,docDocuments,,,NM_021475_08_Prepare Plant Order.html
RFRW31SH,1,Supplier,INDORAMA VENTURES MOBILITY,LUXEMBOURG,INDORAMA VENTURES MOBILITY,LUXEMBOURG,Q09RW31SH,MIS Migrated Data,,Documents,docDocuments,,,NM_021475_09_Plant Trial.html
RFRW31SH,1,Supplier,INDORAMA VENTURES MOBILITY,LUXEMBOURG,INDORAMA VENTURES MOBILITY,LUXEMBOURG,Q09RW31SH,MIS Migrated Data,,Documents,docDocuments,,,NM_021475_10_Production Code.html
RFRW31SH,1,Supplier,INDORAMA VENTURES MOBILITY,LUXEMBOURG,INDORAMA VENTURES MOBILITY,LUXEMBOURG,Q09RW31SH,MIS Migrated Data,,Documents,docDocuments,,,NM_021475_11_Paper Work.html
RFRW31SH,1,Supplier,INDORAMA VENTURES MOBILITY,LUXEMBOURG,INDORAMA VENTURES MOBILITY,LUXEMBOURG,Q09RW31SH,MIS Migrated Data,,Documents,docDocuments,,,NM_021475_12_SOS Reinforcment.html
RFRW31SH,1,Supplier,INDORAMA VENTURES MOBILITY,LUXEMBOURG,INDORAMA VENTURES MOBILITY,LUXEMBOURG,Q09RW31SH,MIS Migrated Data,,Documents,docDocuments,,,NM_021475_Dashboard.html
RFCH,1,Supplier,BEKAERT,SLADKOVICOVO,,,027CH,MIS Migrated Data,,Documents,docDocuments,,,NS_021333_00_Program Initiation.html
RFCH,1,Supplier,BEKAERT,SLADKOVICOVO,,,027CH,MIS Migrated Data,,Documents,docDocuments,,,NS_021333_01_Reinforcement Material Info.html
RFCH,1,Supplier,BEKAERT,SLADKOVICOVO,,,027CH,MIS Migrated Data,,Documents,docDocuments,,,NS_021333_02_Lab Evaluation.html
RFCH,1,Supplier,BEKAERT,SLADKOVICOVO,,,027CH,MIS Migrated Data,,Documents,docDocuments,,,NS_021333_03_GPS Regulatory Approval.html
RFCH,1,Supplier,BEKAERT,SLADKOVICOVO,,,027CH,MIS Migrated Data,,Documents,docDocuments,,,NS_021333_04_SQA.html
RFCH,1,Supplier,BEKAERT,SLADKOVICOVO,,,027CH,MIS Migrated Data,,Documents,docDocuments,,,NS_021333_05_Prepare Plant Order.html
RFCH,1,Supplier,BEKAERT,SLADKOVICOVO,,,027CH,MIS Migrated Data,,Documents,docDocuments,,,NS_021333_06_Processing Trial.html
RFCH,1,Supplier,BEKAERT,SLADKOVICOVO,,,027CH,MIS Migrated Data,,Documents,docDocuments,,,NS_021333_07_Prepare Plant Order.html
RFCH,1,Supplier,BEKAERT,SLADKOVICOVO,,,027CH,MIS Migrated Data,,Documents,docDocuments,,,NS_021333_08_Volume Trial.html
RFCH,1,Supplier,BEKAERT,SLADKOVICOVO,,,027CH,MIS Migrated Data,,Documents,docDocuments,,,NS_021333_09_Paper Work.html
RFCH,1,Supplier,BEKAERT,SLADKOVICOVO,,,027CH,MIS Migrated Data,,Documents,docDocuments,,,NS_021333_10_SOS Reinforcment.html
RFCH,1,Supplier,BEKAERT,SLADKOVICOVO,,,027CH,MIS Migrated Data,,Documents,docDocuments,,,NS_021333_Dashboard.html
RFQC32PF,1,Supplier,KORDSA,IZMIT,,,Z05QC32PF,MIS Migrated Data,,Documents,docDocuments,,,NS_023999_00_Program Initiation.html
RFQC32PF,1,Supplier,KORDSA,IZMIT,,,Z05QC32PF,MIS Migrated Data,,Documents,docDocuments,,,NS_023999_01_Reinforcement Material Info.html
RFQC32PF,1,Supplier,KORDSA,IZMIT,,,Z05QC32PF,MIS Migrated Data,,Documents,docDocuments,,,NS_023999_02_Lab Evaluation.html
RFQC32PF,1,Supplier,KORDSA,IZMIT,,,Z05QC32PF,MIS Migrated Data,,Documents,docDocuments,,,NS_023999_03_GPS Regulatory Approval.html
RFQC32PF,1,Supplier,KORDSA,IZMIT,,,Z05QC32PF,MIS Migrated Data,,Documents,docDocuments,,,NS_023999_04_SQA.html
RFQC32PF,1,Supplier,KORDSA,IZMIT,,,Z05QC32PF,MIS Migrated Data,,Documents,docDocuments,,,NS_023999_05_Prepare Plant Order.html
RFQC32PF,1,Supplier,KORDSA,IZMIT,,,Z05QC32PF,MIS Migrated Data,,Documents,docDocuments,,,NS_023999_06_Processing Trial.html
RFQC32PF,1,Supplier,KORDSA,IZMIT,,,Z05QC32PF,MIS Migrated Data,,Documents,docDocuments,,,NS_023999_07_Paper Work.html
RFQC32PF,1,Supplier,KORDSA,IZMIT,,,Z05QC32PF,MIS Migrated Data,,Documents,docDocuments,,,NS_023999_08_SOS Reinforcment.html
RFQC32PF,1,Supplier,KORDSA,IZMIT,,,Z05QC32PF,MIS Migrated Data,,Documents,docDocuments,,,NS_023999_Dashboard.html
RFCH,1,Supplier,KISWIRE,CZECH REPUBLIC,,,248CH,MIS Migrated Data,,Documents,docDocuments,,,NS_046224_00_Program Initiation.html
RFCH,1,Supplier,KISWIRE,CZECH REPUBLIC,,,248CH,MIS Migrated Data,,Documents,docDocuments,,,NS_046224_01_Reinforcement Material Info.html
RFCH,1,Supplier,KISWIRE,CZECH REPUBLIC,,,248CH,MIS Migrated Data,,Documents,docDocuments,,,NS_046224_02_Lab Evaluation.html
RFCH,1,Supplier,KISWIRE,CZECH REPUBLIC,,,248CH,MIS Migrated Data,,Documents,docDocuments,,,NS_046224_03_GPS Regulatory Approval.html
RFCH,1,Supplier,KISWIRE,CZECH REPUBLIC,,,248CH,MIS Migrated Data,,Documents,docDocuments,,,NS_046224_04_SQA.html
RFCH,1,Supplier,KISWIRE,CZECH REPUBLIC,,,248CH,MIS Migrated Data,,Documents,docDocuments,,,NS_046224_05_Prepare Plant Order.html
RFCH,1,Supplier,KISWIRE,CZECH REPUBLIC,,,248CH,MIS Migrated Data,,Documents,docDocuments,,,NS_046224_06_Processing Trial.html
RFCH,1,Supplier,KISWIRE,CZECH REPUBLIC,,,248CH,MIS Migrated Data,,Documents,docDocuments,,,NS_046224_07_Prepare Plant Order.html
RFCH,1,Supplier,KISWIRE,CZECH REPUBLIC,,,248CH,MIS Migrated Data,,Documents,docDocuments,,,NS_046224_08_Volume Trial.html
RFCH,1,Supplier,KISWIRE,CZECH REPUBLIC,,,248CH,MIS Migrated Data,,Documents,docDocuments,,,NS_046224_09_Paper Work.html
RFCH,1,Supplier,KISWIRE,CZECH REPUBLIC,,,248CH,MIS Migrated Data,,Documents,docDocuments,,,NS_046224_10_SOS Reinforcment.html
RFCH,1,Supplier,KISWIRE,CZECH REPUBLIC,,,248CH,MIS Migrated Data,,Documents,docDocuments,,,NS_046224_Dashboard.html
RFCH,1,Supplier,HYOSUNG CORPORATION,DONG NAI - STEELCORD,,,262CH,MIS Migrated Data,,Documents,docDocuments,,,NS_041996_00_Program Initiation.html
RFCH,1,Supplier,HYOSUNG CORPORATION,DONG NAI - STEELCORD,,,262CH,MIS Migrated Data,,Documents,docDocuments,,,NS_041996_01_Reinforcement Material Info.html
RFCH,1,Supplier,HYOSUNG CORPORATION,DONG NAI - STEELCORD,,,262CH,MIS Migrated Data,,Documents,docDocuments,,,NS_041996_02_Lab Evaluation.html
RFCH,1,Supplier,HYOSUNG CORPORATION,DONG NAI - STEELCORD,,,262CH,MIS Migrated Data,,Documents,docDocuments,,,NS_041996_03_GPS Regulatory Approval.html
RFCH,1,Supplier,HYOSUNG CORPORATION,DONG NAI - STEELCORD,,,262CH,MIS Migrated Data,,Documents,docDocuments,,,NS_041996_04_SQA.html
RFCH,1,Supplier,HYOSUNG CORPORATION,DONG NAI - STEELCORD,,,262CH,MIS Migrated Data,,Documents,docDocuments,,,NS_041996_05_Prepare Plant Order.html
RFCH,1,Supplier,HYOSUNG CORPORATION,DONG NAI - STEELCORD,,,262CH,MIS Migrated Data,,Documents,docDocuments,,,NS_041996_06_Processing Trial.html
RFCH,1,Supplier,HYOSUNG CORPORATION,DONG NAI - STEELCORD,,,262CH,MIS Migrated Data,,Documents,docDocuments,,,NS_041996_07_Prepare Plant Order.html
RFCH,1,Supplier,HYOSUNG CORPORATION,DONG NAI - STEELCORD,,,262CH,MIS Migrated Data,,Documents,docDocuments,,,NS_041996_08_Volume Trial.html
RFCH,1,Supplier,HYOSUNG CORPORATION,DONG NAI - STEELCORD,,,262CH,MIS Migrated Data,,Documents,docDocuments,,,NS_041996_09_Paper Work.html
RFCH,1,Supplier,HYOSUNG CORPORATION,DONG NAI - STEELCORD,,,262CH,MIS Migrated Data,,Documents,docDocuments,,,NS_041996_10_SOS Reinforcment.html
RFCH,1,Supplier,HYOSUNG CORPORATION,DONG NAI - STEELCORD,,,262CH,MIS Migrated Data,,Documents,docDocuments,,,NS_041996_Dashboard.html
RFCH,1,Supplier,SHANDONG SNTON,SHANDONG,,,421CH,MIS Migrated Data,,Documents,docDocuments,,,NS_053002_00_Program Initiation.html
RFCH,1,Supplier,SHANDONG SNTON,SHANDONG,,,421CH,MIS Migrated Data,,Documents,docDocuments,,,NS_053002_01_Reinforcement Material Info.html
RFCH,1,Supplier,SHANDONG SNTON,SHANDONG,,,421CH,MIS Migrated Data,,Documents,docDocuments,,,NS_053002_02_Lab Evaluation.html
RFCH,1,Supplier,SHANDONG SNTON,SHANDONG,,,421CH,MIS Migrated Data,,Documents,docDocuments,,,NS_053002_03_GPS Regulatory Approval.html
RFCH,1,Supplier,SHANDONG SNTON,SHANDONG,,,421CH,MIS Migrated Data,,Documents,docDocuments,,,NS_053002_04_SQA.html
RFCH,1,Supplier,SHANDONG SNTON,SHANDONG,,,421CH,MIS Migrated Data,,Documents,docDocuments,,,NS_053002_05_Prepare Plant Order.html
RFCH,1,Supplier,SHANDONG SNTON,SHANDONG,,,421CH,MIS Migrated Data,,Documents,docDocuments,,,NS_053002_06_Processing Trial.html
RFCH,1,Supplier,SHANDONG SNTON,SHANDONG,,,421CH,MIS Migrated Data,,Documents,docDocuments,,,NS_053002_07_Prepare Plant Order.html
RFCH,1,Supplier,SHANDONG SNTON,SHANDONG,,,421CH,MIS Migrated Data,,Documents,docDocuments,,,NS_053002_08_Volume Trial.html
RFCH,1,Supplier,SHANDONG SNTON,SHANDONG,,,421CH,MIS Migrated Data,,Documents,docDocuments,,,NS_053002_09_Paper Work.html
RFCH,1,Supplier,SHANDONG SNTON,SHANDONG,,,421CH,MIS Migrated Data,,Documents,docDocuments,,,NS_053002_10_SOS Reinforcment.html
RFCH,1,Supplier,SHANDONG SNTON,SHANDONG,,,421CH,MIS Migrated Data,,Documents,docDocuments,,,NS_053002_Dashboard.html
RFCH,1,Supplier,SHANDONG DAYE CO. LTD,SHANDONG XINXING INDUSTRIAL PARK,,,411CH,MIS Migrated Data,,Documents,docDocuments,,,NS_029059_00_Program Initiation.html
RFCH,1,Supplier,SHANDONG DAYE CO. LTD,SHANDONG XINXING INDUSTRIAL PARK,,,411CH,MIS Migrated Data,,Documents,docDocuments,,,NS_029059_01_Reinforcement Material Info.html
RFCH,1,Supplier,SHANDONG DAYE CO. LTD,SHANDONG XINXING INDUSTRIAL PARK,,,411CH,MIS Migrated Data,,Documents,docDocuments,,,NS_029059_02_Lab Evaluation.html
RFCH,1,Supplier,SHANDONG DAYE CO. LTD,SHANDONG XINXING INDUSTRIAL PARK,,,411CH,MIS Migrated Data,,Documents,docDocuments,,,NS_029059_03_GPS Regulatory Approval.html
RFCH,1,Supplier,SHANDONG DAYE CO. LTD,SHANDONG XINXING INDUSTRIAL PARK,,,411CH,MIS Migrated Data,,Documents,docDocuments,,,NS_029059_04_SQA.html
RFCH,1,Supplier,SHANDONG DAYE CO. LTD,SHANDONG XINXING INDUSTRIAL PARK,,,411CH,MIS Migrated Data,,Documents,docDocuments,,,NS_029059_05_Prepare Plant Order.html
RFCH,1,Supplier,SHANDONG DAYE CO. LTD,SHANDONG XINXING INDUSTRIAL PARK,,,411CH,MIS Migrated Data,,Documents,docDocuments,,,NS_029059_06_Processing Trial.html
RFCH,1,Supplier,SHANDONG DAYE CO. LTD,SHANDONG XINXING INDUSTRIAL PARK,,,411CH,MIS Migrated Data,,Documents,docDocuments,,,NS_029059_07_Prepare Plant Order.html
RFCH,1,Supplier,SHANDONG DAYE CO. LTD,SHANDONG XINXING INDUSTRIAL PARK,,,411CH,MIS Migrated Data,,Documents,docDocuments,,,NS_029059_08_Volume Trial.html
RFCH,1,Supplier,SHANDONG DAYE CO. LTD,SHANDONG XINXING INDUSTRIAL PARK,,,411CH,MIS Migrated Data,,Documents,docDocuments,,,NS_029059_09_Paper Work.html
RFCH,1,Supplier,SHANDONG DAYE CO. LTD,SHANDONG XINXING INDUSTRIAL PARK,,,411CH,MIS Migrated Data,,Documents,docDocuments,,,NS_029059_10_SOS Reinforcment.html
RFCH,1,Supplier,SHANDONG DAYE CO. LTD,SHANDONG XINXING INDUSTRIAL PARK,,,411CH,MIS Migrated Data,,Documents,docDocuments,,,NS_029059_Dashboard.html
RFFP,1,Supplier,HYOSUNG CORPORATION,DONG NAI,,,C403FP,MIS Migrated Data,,Documents,docDocuments,,,NS_138065_00_Program Initiation.html
RFFP,1,Supplier,HYOSUNG CORPORATION,DONG NAI,,,C403FP,MIS Migrated Data,,Documents,docDocuments,,,NS_138065_01_Reinforcement Material Info.html
RFFP,1,Supplier,HYOSUNG CORPORATION,DONG NAI,,,C403FP,MIS Migrated Data,,Documents,docDocuments,,,NS_138065_02_Lab Evaluation.html
RFFP,1,Supplier,HYOSUNG CORPORATION,DONG NAI,,,C403FP,MIS Migrated Data,,Documents,docDocuments,,,NS_138065_03_GPS Regulatory Approval.html
RFFP,1,Supplier,HYOSUNG CORPORATION,DONG NAI,,,C403FP,MIS Migrated Data,,Documents,docDocuments,,,NS_138065_04_SQA.html
RFFP,1,Supplier,HYOSUNG CORPORATION,DONG NAI,,,C403FP,MIS Migrated Data,,Documents,docDocuments,,,NS_138065_05_Prepare Plant Order.html
RFFP,1,Supplier,HYOSUNG CORPORATION,DONG NAI,,,C403FP,MIS Migrated Data,,Documents,docDocuments,,,NS_138065_06_Processing Trial.html
RFFP,1,Supplier,HYOSUNG CORPORATION,DONG NAI,,,C403FP,MIS Migrated Data,,Documents,docDocuments,,,NS_138065_07_Paper Work.html
RFFP,1,Supplier,HYOSUNG CORPORATION,DONG NAI,,,C403FP,MIS Migrated Data,,Documents,docDocuments,,,NS_138065_08_SOS Reinforcment.html
RFFP,1,Supplier,HYOSUNG CORPORATION,DONG NAI,,,C403FP,MIS Migrated Data,,Documents,docDocuments,,,NS_138065_Dashboard.html
RFCH,1,Supplier,BMZ,MICORD,,,312CH,MIS Migrated Data,,Documents,docDocuments,,,OM_067977_00_Program Initiation.html
RFCH,1,Supplier,BMZ,MICORD,,,312CH,MIS Migrated Data,,Documents,docDocuments,,,OM_067977_01_Reinforcement Material Info.html
RFCH,1,Supplier,BMZ,MICORD,,,312CH,MIS Migrated Data,,Documents,docDocuments,,,OM_067977_02_Lab Evaluation.html
RFCH,1,Supplier,BMZ,MICORD,,,312CH,MIS Migrated Data,,Documents,docDocuments,,,OM_067977_03_Prepare Plant Order.html
RFCH,1,Supplier,BMZ,MICORD,,,312CH,MIS Migrated Data,,Documents,docDocuments,,,OM_067977_04_Processing Trial.html
RFCH,1,Supplier,BMZ,MICORD,,,312CH,MIS Migrated Data,,Documents,docDocuments,,,OM_067977_05_Paper Work.html
RFCH,1,Supplier,BMZ,MICORD,,,312CH,MIS Migrated Data,,Documents,docDocuments,,,OM_067977_Dashboard.html
RFNT26QA,1,Supplier,HYOSUNG CORPORATION,DECATUR,,,720NT26QA,MIS Migrated Data,,Documents,docDocuments,,,OM_041972_00_Program Initiation.html
RFNT26QA,1,Supplier,HYOSUNG CORPORATION,DECATUR,,,720NT26QA,MIS Migrated Data,,Documents,docDocuments,,,OM_041972_01_Reinforcement Material Info.html
RFNT26QA,1,Supplier,HYOSUNG CORPORATION,DECATUR,,,720NT26QA,MIS Migrated Data,,Documents,docDocuments,,,OM_041972_02_Lab Evaluation.html
RFNT26QA,1,Supplier,HYOSUNG CORPORATION,DECATUR,,,720NT26QA,MIS Migrated Data,,Documents,docDocuments,,,OM_041972_03_Prepare Plant Order.html
RFNT26QA,1,Supplier,HYOSUNG CORPORATION,DECATUR,,,720NT26QA,MIS Migrated Data,,Documents,docDocuments,,,OM_041972_04_Processing Trial.html
RFNT26QA,1,Supplier,HYOSUNG CORPORATION,DECATUR,,,720NT26QA,MIS Migrated Data,,Documents,docDocuments,,,OM_041972_05_Paper Work.html
RFNT26QA,1,Supplier,HYOSUNG CORPORATION,DECATUR,,,720NT26QA,MIS Migrated Data,,Documents,docDocuments,,,OM_041972_Dashboard.html
RFS01Q,1,Supplier,HYOSUNG CORPORATION,DONG NAI,,,HSP-40,MIS Migrated Data,,Documents,docDocuments,,,NS_000605_00_Program Initiation.html
RFS01Q,1,Supplier,HYOSUNG CORPORATION,DONG NAI,,,HSP-40,MIS Migrated Data,,Documents,docDocuments,,,NS_000605_01_Reinforcement Material Info.html
RFS01Q,1,Supplier,HYOSUNG CORPORATION,DONG NAI,,,HSP-40,MIS Migrated Data,,Documents,docDocuments,,,NS_000605_02_Lab Evaluation.html
RFS01Q,1,Supplier,HYOSUNG CORPORATION,DONG NAI,,,HSP-40,MIS Migrated Data,,Documents,docDocuments,,,NS_000605_03_Fabric Experimental Number Panel.html
RFS01Q,1,Supplier,HYOSUNG CORPORATION,DONG NAI,,,HSP-40,MIS Migrated Data,,Documents,docDocuments,,,NS_000605_04_Prepare Plant Order.html
RFS01Q,1,Supplier,HYOSUNG CORPORATION,DONG NAI,,,HSP-40,MIS Migrated Data,,Documents,docDocuments,,,NS_000605_05_Processing Trial.html
RFS01Q,1,Supplier,HYOSUNG CORPORATION,DONG NAI,,,HSP-40,MIS Migrated Data,,Documents,docDocuments,,,NS_000605_06_Paper Work.html
RFS01Q,1,Supplier,HYOSUNG CORPORATION,DONG NAI,,,HSP-40,MIS Migrated Data,,Documents,docDocuments,,,NS_000605_07_SOS Reinforcment.html
RFS01Q,1,Supplier,HYOSUNG CORPORATION,DONG NAI,,,HSP-40,MIS Migrated Data,,Documents,docDocuments,,,NS_000605_Dashboard.html
RFE09A,1,Supplier,DUPONT,MAYDOWN,,,950,MIS Migrated Data,,Documents,docDocuments,,,NM_003421_00_Program Initiation.html
RFE09A,1,Supplier,DUPONT,MAYDOWN,,,950,MIS Migrated Data,,Documents,docDocuments,,,NM_003421_01_Reinforcement Material Info.html
RFE09A,1,Supplier,DUPONT,MAYDOWN,,,950,MIS Migrated Data,,Documents,docDocuments,,,NM_003421_02_Lab Evaluation.html
RFE09A,1,Supplier,DUPONT,MAYDOWN,,,950,MIS Migrated Data,,Documents,docDocuments,,,NM_003421_03_Fabric Experimental Number Panel.html
RFE09A,1,Supplier,DUPONT,MAYDOWN,,,950,MIS Migrated Data,,Documents,docDocuments,,,NM_003421_04_Global Product Stewardship.html
RFE09A,1,Supplier,DUPONT,MAYDOWN,,,950,MIS Migrated Data,,Documents,docDocuments,,,NM_003421_05_SQA.html
RFE09A,1,Supplier,DUPONT,MAYDOWN,,,950,MIS Migrated Data,,Documents,docDocuments,,,NM_003421_06_Prepare Plant Order.html
RFE09A,1,Supplier,DUPONT,MAYDOWN,,,950,MIS Migrated Data,,Documents,docDocuments,,,NM_003421_07_Plant Trial.html
RFE09A,1,Supplier,DUPONT,MAYDOWN,,,950,MIS Migrated Data,,Documents,docDocuments,,,NM_003421_08_Production Code.html
RFE09A,1,Supplier,DUPONT,MAYDOWN,,,950,MIS Migrated Data,,Documents,docDocuments,,,NM_003421_09_Paper Work.html
RFE09A,1,Supplier,DUPONT,MAYDOWN,,,950,MIS Migrated Data,,Documents,docDocuments,,,NM_003421_10_SOS Reinforcment.html
RFE09A,1,Supplier,DUPONT,MAYDOWN,,,950,MIS Migrated Data,,Documents,docDocuments,,,NM_003421_Dashboard.html
RFQ09R,1,Supplier,INDORAMA VENTURES MOBILITY,LOVOSICE,,,Rayon 1220 dtex super II,MIS Migrated Data,,Documents,docDocuments,,,NM_003464_00_Program Initiation.html
RFQ09R,1,Supplier,INDORAMA VENTURES MOBILITY,LOVOSICE,,,Rayon 1220 dtex super II,MIS Migrated Data,,Documents,docDocuments,,,NM_003464_01_Reinforcement Material Info.html
RFQ09R,1,Supplier,INDORAMA VENTURES MOBILITY,LOVOSICE,,,Rayon 1220 dtex super II,MIS Migrated Data,,Documents,docDocuments,,,NM_003464_02_Lab Evaluation.html
RFQ09R,1,Supplier,INDORAMA VENTURES MOBILITY,LOVOSICE,,,Rayon 1220 dtex super II,MIS Migrated Data,,Documents,docDocuments,,,NM_003464_03_Fabric Experimental Number Panel.html
RFQ09R,1,Supplier,INDORAMA VENTURES MOBILITY,LOVOSICE,,,Rayon 1220 dtex super II,MIS Migrated Data,,Documents,docDocuments,,,NM_003464_04_Global Product Stewardship.html
RFQ09R,1,Supplier,INDORAMA VENTURES MOBILITY,LOVOSICE,,,Rayon 1220 dtex super II,MIS Migrated Data,,Documents,docDocuments,,,NM_003464_05_SQA.html
RFQ09R,1,Supplier,INDORAMA VENTURES MOBILITY,LOVOSICE,,,Rayon 1220 dtex super II,MIS Migrated Data,,Documents,docDocuments,,,NM_003464_06_Prepare Plant Order.html
RFQ09R,1,Supplier,INDORAMA VENTURES MOBILITY,LOVOSICE,,,Rayon 1220 dtex super II,MIS Migrated Data,,Documents,docDocuments,,,NM_003464_07_Tire Build.html
RFQ09R,1,Supplier,INDORAMA VENTURES MOBILITY,LOVOSICE,,,Rayon 1220 dtex super II,MIS Migrated Data,,Documents,docDocuments,,,NM_003464_08_Tire Test.html
RFQ09R,1,Supplier,INDORAMA VENTURES MOBILITY,LOVOSICE,,,Rayon 1220 dtex super II,MIS Migrated Data,,Documents,docDocuments,,,NM_003464_09_Prepare Plant Order.html
RFQ09R,1,Supplier,INDORAMA VENTURES MOBILITY,LOVOSICE,,,Rayon 1220 dtex super II,MIS Migrated Data,,Documents,docDocuments,,,NM_003464_10_Plant Trial.html
RFQ09R,1,Supplier,INDORAMA VENTURES MOBILITY,LOVOSICE,,,Rayon 1220 dtex super II,MIS Migrated Data,,Documents,docDocuments,,,NM_003464_11_Production Code.html
RFQ09R,1,Supplier,INDORAMA VENTURES MOBILITY,LOVOSICE,,,Rayon 1220 dtex super II,MIS Migrated Data,,Documents,docDocuments,,,NM_003464_12_Paper Work.html
RFQ09R,1,Supplier,INDORAMA VENTURES MOBILITY,LOVOSICE,,,Rayon 1220 dtex super II,MIS Migrated Data,,Documents,docDocuments,,,NM_003464_13_SOS Reinforcment.html
RFQ09R,1,Supplier,INDORAMA VENTURES MOBILITY,LOVOSICE,,,Rayon 1220 dtex super II,MIS Migrated Data,,Documents,docDocuments,,,NM_003464_Dashboard.html
RFS03N,1,Supplier,HYOSUNG CORPORATION,DONG NAI,,,HND-20,MIS Migrated Data,,Documents,docDocuments,,,NS_013006_00_Program Initiation.html
RFS03N,1,Supplier,HYOSUNG CORPORATION,DONG NAI,,,HND-20,MIS Migrated Data,,Documents,docDocuments,,,NS_013006_01_Reinforcement Material Info.html
RFS03N,1,Supplier,HYOSUNG CORPORATION,DONG NAI,,,HND-20,MIS Migrated Data,,Documents,docDocuments,,,NS_013006_02_Lab Evaluation.html
RFS03N,1,Supplier,HYOSUNG CORPORATION,DONG NAI,,,HND-20,MIS Migrated Data,,Documents,docDocuments,,,NS_013006_03_Fabric Experimental Number Panel.html
RFS03N,1,Supplier,HYOSUNG CORPORATION,DONG NAI,,,HND-20,MIS Migrated Data,,Documents,docDocuments,,,NS_013006_04_Prepare Plant Order.html
RFS03N,1,Supplier,HYOSUNG CORPORATION,DONG NAI,,,HND-20,MIS Migrated Data,,Documents,docDocuments,,,NS_013006_05_Processing Trial.html
RFS03N,1,Supplier,HYOSUNG CORPORATION,DONG NAI,,,HND-20,MIS Migrated Data,,Documents,docDocuments,,,NS_013006_06_Prepare Plant Order.html
RFS03N,1,Supplier,HYOSUNG CORPORATION,DONG NAI,,,HND-20,MIS Migrated Data,,Documents,docDocuments,,,NS_013006_07_Volume Trial.html
RFS03N,1,Supplier,HYOSUNG CORPORATION,DONG NAI,,,HND-20,MIS Migrated Data,,Documents,docDocuments,,,NS_013006_08_Paper Work.html
RFS03N,1,Supplier,HYOSUNG CORPORATION,DONG NAI,,,HND-20,MIS Migrated Data,,Documents,docDocuments,,,NS_013006_09_SOS Reinforcment.html
RFS03N,1,Supplier,HYOSUNG CORPORATION,DONG NAI,,,HND-20,MIS Migrated Data,,Documents,docDocuments,,,NS_013006_Dashboard.html
RFFP,1,Supplier,HYOSUNG CORPORATION,EONYANG,,,C101FP,MIS Migrated Data,,Documents,docDocuments,,,NS_013961_00_Program Initiation.html
RFFP,1,Supplier,HYOSUNG CORPORATION,EONYANG,,,C101FP,MIS Migrated Data,,Documents,docDocuments,,,NS_013961_01_Reinforcement Material Info.html
RFFP,1,Supplier,HYOSUNG CORPORATION,EONYANG,,,C101FP,MIS Migrated Data,,Documents,docDocuments,,,NS_013961_02_Lab Evaluation.html
RFFP,1,Supplier,HYOSUNG CORPORATION,EONYANG,,,C101FP,MIS Migrated Data,,Documents,docDocuments,,,NS_013961_03_GPS Regulatory Approval.html
RFFP,1,Supplier,HYOSUNG CORPORATION,EONYANG,,,C101FP,MIS Migrated Data,,Documents,docDocuments,,,NS_013961_04_SQA.html
RFFP,1,Supplier,HYOSUNG CORPORATION,EONYANG,,,C101FP,MIS Migrated Data,,Documents,docDocuments,,,NS_013961_05_Prepare Plant Order.html
RFFP,1,Supplier,HYOSUNG CORPORATION,EONYANG,,,C101FP,MIS Migrated Data,,Documents,docDocuments,,,NS_013961_06_Processing Trial.html
RFFP,1,Supplier,HYOSUNG CORPORATION,EONYANG,,,C101FP,MIS Migrated Data,,Documents,docDocuments,,,NS_013961_07_Prepare Plant Order.html
RFFP,1,Supplier,HYOSUNG CORPORATION,EONYANG,,,C101FP,MIS Migrated Data,,Documents,docDocuments,,,NS_013961_08_Volume Trial.html
RFFP,1,Supplier,HYOSUNG CORPORATION,EONYANG,,,C101FP,MIS Migrated Data,,Documents,docDocuments,,,NS_013961_09_Paper Work.html
RFFP,1,Supplier,HYOSUNG CORPORATION,EONYANG,,,C101FP,MIS Migrated Data,,Documents,docDocuments,,,NS_013961_10_SOS Reinforcment.html
RFFP,1,Supplier,HYOSUNG CORPORATION,EONYANG,,,C101FP,MIS Migrated Data,,Documents,docDocuments,,,NS_013961_Dashboard.html
RFTQ26HF,1,Supplier,HYOSUNG CORPORATION,DECATUR,,,TQ26HF,MIS Migrated Data,,Documents,docDocuments,,,NS_015334_00_Program Initiation.html
RFTQ26HF,1,Supplier,HYOSUNG CORPORATION,DECATUR,,,TQ26HF,MIS Migrated Data,,Documents,docDocuments,,,NS_015334_01_Reinforcement Material Info.html
RFTQ26HF,1,Supplier,HYOSUNG CORPORATION,DECATUR,,,TQ26HF,MIS Migrated Data,,Documents,docDocuments,,,NS_015334_02_Lab Evaluation.html
RFTQ26HF,1,Supplier,HYOSUNG CORPORATION,DECATUR,,,TQ26HF,MIS Migrated Data,,Documents,docDocuments,,,NS_015334_03_GPS Regulatory Approval.html
RFTQ26HF,1,Supplier,HYOSUNG CORPORATION,DECATUR,,,TQ26HF,MIS Migrated Data,,Documents,docDocuments,,,NS_015334_04_SQA.html
RFTQ26HF,1,Supplier,HYOSUNG CORPORATION,DECATUR,,,TQ26HF,MIS Migrated Data,,Documents,docDocuments,,,NS_015334_05_Prepare Plant Order.html
RFTQ26HF,1,Supplier,HYOSUNG CORPORATION,DECATUR,,,TQ26HF,MIS Migrated Data,,Documents,docDocuments,,,NS_015334_06_Processing Trial-Tire Build.html
RFTQ26HF,1,Supplier,HYOSUNG CORPORATION,DECATUR,,,TQ26HF,MIS Migrated Data,,Documents,docDocuments,,,NS_015334_07_Tire Test.html
RFTQ26HF,1,Supplier,HYOSUNG CORPORATION,DECATUR,,,TQ26HF,MIS Migrated Data,,Documents,docDocuments,,,NS_015334_08_Prepare Plant Order.html
RFTQ26HF,1,Supplier,HYOSUNG CORPORATION,DECATUR,,,TQ26HF,MIS Migrated Data,,Documents,docDocuments,,,NS_015334_09_Volume Trial.html
RFTQ26HF,1,Supplier,HYOSUNG CORPORATION,DECATUR,,,TQ26HF,MIS Migrated Data,,Documents,docDocuments,,,NS_015334_10_Paper Work.html
RFTQ26HF,1,Supplier,HYOSUNG CORPORATION,DECATUR,,,TQ26HF,MIS Migrated Data,,Documents,docDocuments,,,NS_015334_11_SOS Reinforcment.html
RFTQ26HF,1,Supplier,HYOSUNG CORPORATION,DECATUR,,,TQ26HF,MIS Migrated Data,,Documents,docDocuments,,,NS_015334_Dashboard.html
RFFP,1,Supplier,JIAXING EASTERN,TENGZHOU EASTERN STEEL CORD CO. LTD,,,Y201FP,MIS Migrated Data,,Documents,docDocuments,,,NS_025194_00_Program Initiation.html
RFFP,1,Supplier,JIAXING EASTERN,TENGZHOU EASTERN STEEL CORD CO. LTD,,,Y201FP,MIS Migrated Data,,Documents,docDocuments,,,NS_025194_01_Reinforcement Material Info.html
RFFP,1,Supplier,JIAXING EASTERN,TENGZHOU EASTERN STEEL CORD CO. LTD,,,Y201FP,MIS Migrated Data,,Documents,docDocuments,,,NS_025194_02_Lab Evaluation.html
RFFP,1,Supplier,JIAXING EASTERN,TENGZHOU EASTERN STEEL CORD CO. LTD,,,Y201FP,MIS Migrated Data,,Documents,docDocuments,,,NS_025194_03_GPS Regulatory Approval.html
RFFP,1,Supplier,JIAXING EASTERN,TENGZHOU EASTERN STEEL CORD CO. LTD,,,Y201FP,MIS Migrated Data,,Documents,docDocuments,,,NS_025194_04_SQA.html
RFFP,1,Supplier,JIAXING EASTERN,TENGZHOU EASTERN STEEL CORD CO. LTD,,,Y201FP,MIS Migrated Data,,Documents,docDocuments,,,NS_025194_05_Prepare Plant Order.html
RFFP,1,Supplier,JIAXING EASTERN,TENGZHOU EASTERN STEEL CORD CO. LTD,,,Y201FP,MIS Migrated Data,,Documents,docDocuments,,,NS_025194_06_Processing Trial.html
RFFP,1,Supplier,JIAXING EASTERN,TENGZHOU EASTERN STEEL CORD CO. LTD,,,Y201FP,MIS Migrated Data,,Documents,docDocuments,,,NS_025194_07_Prepare Plant Order.html
RFFP,1,Supplier,JIAXING EASTERN,TENGZHOU EASTERN STEEL CORD CO. LTD,,,Y201FP,MIS Migrated Data,,Documents,docDocuments,,,NS_025194_08_Volume Trial.html
RFFP,1,Supplier,JIAXING EASTERN,TENGZHOU EASTERN STEEL CORD CO. LTD,,,Y201FP,MIS Migrated Data,,Documents,docDocuments,,,NS_025194_09_Paper Work.html
RFFP,1,Supplier,JIAXING EASTERN,TENGZHOU EASTERN STEEL CORD CO. LTD,,,Y201FP,MIS Migrated Data,,Documents,docDocuments,,,NS_025194_10_SOS Reinforcment.html
RFFP,1,Supplier,JIAXING EASTERN,TENGZHOU EASTERN STEEL CORD CO. LTD,,,Y201FP,MIS Migrated Data,,Documents,docDocuments,,,NS_025194_Dashboard.html
RFM14LP19JA,1,Supplier,DURAFIBER,QUERETARO,,,LP19JA,MIS Migrated Data,,Documents,docDocuments,,,NS_023339_00_Program Initiation.html
RFM14LP19JA,1,Supplier,DURAFIBER,QUERETARO,,,LP19JA,MIS Migrated Data,,Documents,docDocuments,,,NS_023339_01_Reinforcement Material Info.html
RFM14LP19JA,1,Supplier,DURAFIBER,QUERETARO,,,LP19JA,MIS Migrated Data,,Documents,docDocuments,,,NS_023339_02_Lab Evaluation.html
RFM14LP19JA,1,Supplier,DURAFIBER,QUERETARO,,,LP19JA,MIS Migrated Data,,Documents,docDocuments,,,NS_023339_03_GPS Regulatory Approval.html
RFM14LP19JA,1,Supplier,DURAFIBER,QUERETARO,,,LP19JA,MIS Migrated Data,,Documents,docDocuments,,,NS_023339_04_SQA.html
RFM14LP19JA,1,Supplier,DURAFIBER,QUERETARO,,,LP19JA,MIS Migrated Data,,Documents,docDocuments,,,NS_023339_05_Prepare Plant Order.html
RFM14LP19JA,1,Supplier,DURAFIBER,QUERETARO,,,LP19JA,MIS Migrated Data,,Documents,docDocuments,,,NS_023339_06_Processing Trial.html
RFM14LP19JA,1,Supplier,DURAFIBER,QUERETARO,,,LP19JA,MIS Migrated Data,,Documents,docDocuments,,,NS_023339_07_Paper Work.html
RFM14LP19JA,1,Supplier,DURAFIBER,QUERETARO,,,LP19JA,MIS Migrated Data,,Documents,docDocuments,,,NS_023339_08_SOS Reinforcment.html
RFM14LP19JA,1,Supplier,DURAFIBER,QUERETARO,,,LP19JA,MIS Migrated Data,,Documents,docDocuments,,,NS_023339_Dashboard.html
RFZ01NG30GA,1,Supplier,HYOSUNG CORPORATION,LISA,,,G09NG30GA,MIS Migrated Data,,Documents,docDocuments,,,NS_128691_00_Program Initiation.html
RFZ01NG30GA,1,Supplier,HYOSUNG CORPORATION,LISA,,,G09NG30GA,MIS Migrated Data,,Documents,docDocuments,,,NS_128691_01_Reinforcement Material Info.html
RFZ01NG30GA,1,Supplier,HYOSUNG CORPORATION,LISA,,,G09NG30GA,MIS Migrated Data,,Documents,docDocuments,,,NS_128691_02_Lab Evaluation.html
RFZ01NG30GA,1,Supplier,HYOSUNG CORPORATION,LISA,,,G09NG30GA,MIS Migrated Data,,Documents,docDocuments,,,NS_128691_03_Fabric Experimental Number Panel.html
RFZ01NG30GA,1,Supplier,HYOSUNG CORPORATION,LISA,,,G09NG30GA,MIS Migrated Data,,Documents,docDocuments,,,NS_128691_04_Prepare Plant Order.html
RFZ01NG30GA,1,Supplier,HYOSUNG CORPORATION,LISA,,,G09NG30GA,MIS Migrated Data,,Documents,docDocuments,,,NS_128691_05_Processing Trial.html
RFZ01NG30GA,1,Supplier,HYOSUNG CORPORATION,LISA,,,G09NG30GA,MIS Migrated Data,,Documents,docDocuments,,,NS_128691_06_Paper Work.html
RFZ01NG30GA,1,Supplier,HYOSUNG CORPORATION,LISA,,,G09NG30GA,MIS Migrated Data,,Documents,docDocuments,,,NS_128691_07_SOS Reinforcment.html
RFZ01NG30GA,1,Supplier,HYOSUNG CORPORATION,LISA,,,G09NG30GA,MIS Migrated Data,,Documents,docDocuments,,,NS_128691_Dashboard.html
RFFA01WY,1,Supplier,KISWIRE,SZENTGOTTHARD,,,FA01WY,MIS Migrated Data,,Documents,docDocuments,,,NS_111576_00_Program Initiation.html
RFFA01WY,1,Supplier,KISWIRE,SZENTGOTTHARD,,,FA01WY,MIS Migrated Data,,Documents,docDocuments,,,NS_111576_01_Reinforcement Material Info.html
RFFA01WY,1,Supplier,KISWIRE,SZENTGOTTHARD,,,FA01WY,MIS Migrated Data,,Documents,docDocuments,,,NS_111576_02_Lab Evaluation.html
RFFA01WY,1,Supplier,KISWIRE,SZENTGOTTHARD,,,FA01WY,MIS Migrated Data,,Documents,docDocuments,,,NS_111576_03_GPS Regulatory Approval.html
RFFA01WY,1,Supplier,KISWIRE,SZENTGOTTHARD,,,FA01WY,MIS Migrated Data,,Documents,docDocuments,,,NS_111576_04_SQA.html
RFFA01WY,1,Supplier,KISWIRE,SZENTGOTTHARD,,,FA01WY,MIS Migrated Data,,Documents,docDocuments,,,NS_111576_05_Prepare Plant Order.html
RFFA01WY,1,Supplier,KISWIRE,SZENTGOTTHARD,,,FA01WY,MIS Migrated Data,,Documents,docDocuments,,,NS_111576_06_Processing Trial.html
RFFA01WY,1,Supplier,KISWIRE,SZENTGOTTHARD,,,FA01WY,MIS Migrated Data,,Documents,docDocuments,,,NS_111576_07_Prepare Plant Order.html
RFFA01WY,1,Supplier,KISWIRE,SZENTGOTTHARD,,,FA01WY,MIS Migrated Data,,Documents,docDocuments,,,NS_111576_08_Volume Trial.html
RFFA01WY,1,Supplier,KISWIRE,SZENTGOTTHARD,,,FA01WY,MIS Migrated Data,,Documents,docDocuments,,,NS_111576_09_Paper Work.html
RFFA01WY,1,Supplier,KISWIRE,SZENTGOTTHARD,,,FA01WY,MIS Migrated Data,,Documents,docDocuments,,,NS_111576_10_SOS Reinforcment.html
RFFA01WY,1,Supplier,KISWIRE,SZENTGOTTHARD,,,FA01WY,MIS Migrated Data,,Documents,docDocuments,,,NS_111576_Dashboard.html
RFFC01FR,1,Supplier,KISWIRE,MALAYSIA,,,FC01FR,MIS Migrated Data,,Documents,docDocuments,,,NS_113292_00_Program Initiation.html
RFFC01FR,1,Supplier,KISWIRE,MALAYSIA,,,FC01FR,MIS Migrated Data,,Documents,docDocuments,,,NS_113292_01_Reinforcement Material Info.html
RFFC01FR,1,Supplier,KISWIRE,MALAYSIA,,,FC01FR,MIS Migrated Data,,Documents,docDocuments,,,NS_113292_02_Lab Evaluation.html
RFFC01FR,1,Supplier,KISWIRE,MALAYSIA,,,FC01FR,MIS Migrated Data,,Documents,docDocuments,,,NS_113292_03_GPS Regulatory Approval.html
RFFC01FR,1,Supplier,KISWIRE,MALAYSIA,,,FC01FR,MIS Migrated Data,,Documents,docDocuments,,,NS_113292_04_SQA.html
RFFC01FR,1,Supplier,KISWIRE,MALAYSIA,,,FC01FR,MIS Migrated Data,,Documents,docDocuments,,,NS_113292_05_Prepare Plant Order.html
RFFC01FR,1,Supplier,KISWIRE,MALAYSIA,,,FC01FR,MIS Migrated Data,,Documents,docDocuments,,,NS_113292_06_Processing Trial.html
RFFC01FR,1,Supplier,KISWIRE,MALAYSIA,,,FC01FR,MIS Migrated Data,,Documents,docDocuments,,,NS_113292_07_Prepare Plant Order.html
RFFC01FR,1,Supplier,KISWIRE,MALAYSIA,,,FC01FR,MIS Migrated Data,,Documents,docDocuments,,,NS_113292_08_Volume Trial.html
RFFC01FR,1,Supplier,KISWIRE,MALAYSIA,,,FC01FR,MIS Migrated Data,,Documents,docDocuments,,,NS_113292_09_Paper Work.html
RFFC01FR,1,Supplier,KISWIRE,MALAYSIA,,,FC01FR,MIS Migrated Data,,Documents,docDocuments,,,NS_113292_10_SOS Reinforcment.html
RFFC01FR,1,Supplier,KISWIRE,MALAYSIA,,,FC01FR,MIS Migrated Data,,Documents,docDocuments,,,NS_113292_Dashboard.html
RFFP,1,Supplier,TREFILARBED,CHANGWON,,,F501FP,MIS Migrated Data,,Documents,docDocuments,,,NS_005222_00_Program Initiation.html
RFFP,1,Supplier,TREFILARBED,CHANGWON,,,F501FP,MIS Migrated Data,,Documents,docDocuments,,,NS_005222_01_Reinforcement Material Info.html
RFFP,1,Supplier,TREFILARBED,CHANGWON,,,F501FP,MIS Migrated Data,,Documents,docDocuments,,,NS_005222_02_Lab Evaluation.html
RFFP,1,Supplier,TREFILARBED,CHANGWON,,,F501FP,MIS Migrated Data,,Documents,docDocuments,,,NS_005222_03_GPS Regulatory Approval.html
RFFP,1,Supplier,TREFILARBED,CHANGWON,,,F501FP,MIS Migrated Data,,Documents,docDocuments,,,NS_005222_04_SQA.html
RFFP,1,Supplier,TREFILARBED,CHANGWON,,,F501FP,MIS Migrated Data,,Documents,docDocuments,,,NS_005222_05_Prepare Plant Order.html
RFFP,1,Supplier,TREFILARBED,CHANGWON,,,F501FP,MIS Migrated Data,,Documents,docDocuments,,,NS_005222_06_Processing Trial.html
RFFP,1,Supplier,TREFILARBED,CHANGWON,,,F501FP,MIS Migrated Data,,Documents,docDocuments,,,NS_005222_07_Prepare Plant Order.html
RFFP,1,Supplier,TREFILARBED,CHANGWON,,,F501FP,MIS Migrated Data,,Documents,docDocuments,,,NS_005222_08_Volume Trial.html
RFFP,1,Supplier,TREFILARBED,CHANGWON,,,F501FP,MIS Migrated Data,,Documents,docDocuments,,,NS_005222_09_Paper Work.html
RFFP,1,Supplier,TREFILARBED,CHANGWON,,,F501FP,MIS Migrated Data,,Documents,docDocuments,,,NS_005222_10_SOS Reinforcment.html
RFFP,1,Supplier,TREFILARBED,CHANGWON,,,F501FP,MIS Migrated Data,,Documents,docDocuments,,,NS_005222_Dashboard.html
RFFP,1,Supplier,BEKAERT,SHENYANG BSSC,,,BL01FP,MIS Migrated Data,,Documents,docDocuments,,,NS_013021_00_Program Initiation.html
RFFP,1,Supplier,BEKAERT,SHENYANG BSSC,,,BL01FP,MIS Migrated Data,,Documents,docDocuments,,,NS_013021_01_Reinforcement Material Info.html
RFFP,1,Supplier,BEKAERT,SHENYANG BSSC,,,BL01FP,MIS Migrated Data,,Documents,docDocuments,,,NS_013021_02_Lab Evaluation.html
RFFP,1,Supplier,BEKAERT,SHENYANG BSSC,,,BL01FP,MIS Migrated Data,,Documents,docDocuments,,,NS_013021_03_GPS Regulatory Approval.html
RFFP,1,Supplier,BEKAERT,SHENYANG BSSC,,,BL01FP,MIS Migrated Data,,Documents,docDocuments,,,NS_013021_04_SQA.html
RFFP,1,Supplier,BEKAERT,SHENYANG BSSC,,,BL01FP,MIS Migrated Data,,Documents,docDocuments,,,NS_013021_05_Prepare Plant Order.html
RFFP,1,Supplier,BEKAERT,SHENYANG BSSC,,,BL01FP,MIS Migrated Data,,Documents,docDocuments,,,NS_013021_06_Processing Trial.html
RFFP,1,Supplier,BEKAERT,SHENYANG BSSC,,,BL01FP,MIS Migrated Data,,Documents,docDocuments,,,NS_013021_07_Prepare Plant Order.html
RFFP,1,Supplier,BEKAERT,SHENYANG BSSC,,,BL01FP,MIS Migrated Data,,Documents,docDocuments,,,NS_013021_08_Volume Trial.html
RFFP,1,Supplier,BEKAERT,SHENYANG BSSC,,,BL01FP,MIS Migrated Data,,Documents,docDocuments,,,NS_013021_09_Paper Work.html
RFFP,1,Supplier,BEKAERT,SHENYANG BSSC,,,BL01FP,MIS Migrated Data,,Documents,docDocuments,,,NS_013021_10_SOS Reinforcment.html
RFFP,1,Supplier,BEKAERT,SHENYANG BSSC,,,BL01FP,MIS Migrated Data,,Documents,docDocuments,,,NS_013021_Dashboard.html
RFCH,1,Supplier,JIANGSU XINGDA,XING HUA,,,401CH,MIS Migrated Data,,Documents,docDocuments,,,NS_012968_00_Program Initiation.html
RFCH,1,Supplier,JIANGSU XINGDA,XING HUA,,,401CH,MIS Migrated Data,,Documents,docDocuments,,,NS_012968_01_Reinforcement Material Info.html
RFCH,1,Supplier,JIANGSU XINGDA,XING HUA,,,401CH,MIS Migrated Data,,Documents,docDocuments,,,NS_012968_02_Lab Evaluation.html
RFCH,1,Supplier,JIANGSU XINGDA,XING HUA,,,401CH,MIS Migrated Data,,Documents,docDocuments,,,NS_012968_03_GPS Regulatory Approval.html
RFCH,1,Supplier,JIANGSU XINGDA,XING HUA,,,401CH,MIS Migrated Data,,Documents,docDocuments,,,NS_012968_04_SQA.html
RFCH,1,Supplier,JIANGSU XINGDA,XING HUA,,,401CH,MIS Migrated Data,,Documents,docDocuments,,,NS_012968_05_Prepare Plant Order.html
RFCH,1,Supplier,JIANGSU XINGDA,XING HUA,,,401CH,MIS Migrated Data,,Documents,docDocuments,,,NS_012968_06_Processing Trial.html
RFCH,1,Supplier,JIANGSU XINGDA,XING HUA,,,401CH,MIS Migrated Data,,Documents,docDocuments,,,NS_012968_07_Prepare Plant Order.html
RFCH,1,Supplier,JIANGSU XINGDA,XING HUA,,,401CH,MIS Migrated Data,,Documents,docDocuments,,,NS_012968_08_Volume Trial.html
RFCH,1,Supplier,JIANGSU XINGDA,XING HUA,,,401CH,MIS Migrated Data,,Documents,docDocuments,,,NS_012968_09_Paper Work.html
RFCH,1,Supplier,JIANGSU XINGDA,XING HUA,,,401CH,MIS Migrated Data,,Documents,docDocuments,,,NS_012968_10_SOS Reinforcment.html
RFCH,1,Supplier,JIANGSU XINGDA,XING HUA,,,401CH,MIS Migrated Data,,Documents,docDocuments,,,NS_012968_Dashboard.html
RFCH,1,Supplier,JIANGSU XINGDA,XING HUA,,,401CH,MIS Migrated Data,,Documents,docDocuments,,,OM_067620_00_Program Initiation.html
RFCH,1,Supplier,JIANGSU XINGDA,XING HUA,,,401CH,MIS Migrated Data,,Documents,docDocuments,,,OM_067620_01_Reinforcement Material Info.html
RFCH,1,Supplier,JIANGSU XINGDA,XING HUA,,,401CH,MIS Migrated Data,,Documents,docDocuments,,,OM_067620_02_Lab Evaluation.html
RFCH,1,Supplier,JIANGSU XINGDA,XING HUA,,,401CH,MIS Migrated Data,,Documents,docDocuments,,,OM_067620_03_Prepare Plant Order.html
RFCH,1,Supplier,JIANGSU XINGDA,XING HUA,,,401CH,MIS Migrated Data,,Documents,docDocuments,,,OM_067620_04_Processing Trial.html
RFCH,1,Supplier,JIANGSU XINGDA,XING HUA,,,401CH,MIS Migrated Data,,Documents,docDocuments,,,OM_067620_05_Paper Work.html
RFCH,1,Supplier,JIANGSU XINGDA,XING HUA,,,401CH,MIS Migrated Data,,Documents,docDocuments,,,OM_067620_Dashboard.html
RFS00004,1,Supplier,BEKAERT,IZMIT,,,BA01FP,MIS Migrated Data,,Documents,docDocuments,,,NS_001224_00_Program Initiation.html
RFS00004,1,Supplier,BEKAERT,IZMIT,,,BA01FP,MIS Migrated Data,,Documents,docDocuments,,,NS_001224_01_Reinforcement Material Info.html
RFS00004,1,Supplier,BEKAERT,IZMIT,,,BA01FP,MIS Migrated Data,,Documents,docDocuments,,,NS_001224_02_Lab Evaluation.html
RFS00004,1,Supplier,BEKAERT,IZMIT,,,BA01FP,MIS Migrated Data,,Documents,docDocuments,,,NS_001224_Dashboard.html
RF0040084,1,Supplier,HYOSUNG CORPORATION,DONG NAI,,,QV28,MIS Migrated Data,,Documents,docDocuments,,,NS_001263_00_Program Initiation.html
RF0040084,1,Supplier,HYOSUNG CORPORATION,DONG NAI,,,QV28,MIS Migrated Data,,Documents,docDocuments,,,NS_001263_Dashboard.html
RFGYD2805,1,Supplier,INDORAMA VENTURES MOBILITY,LONGLAVILLE,,,1440 dtex 1X53 N200/N141,MIS Migrated Data,,Documents,docDocuments,,,NM_004062_00_Program Initiation.html
RFGYD2805,1,Supplier,INDORAMA VENTURES MOBILITY,LONGLAVILLE,,,1440 dtex 1X53 N200/N141,MIS Migrated Data,,Documents,docDocuments,,,NM_004062_01_Reinforcement Material Info.html
RFGYD2805,1,Supplier,INDORAMA VENTURES MOBILITY,LONGLAVILLE,,,1440 dtex 1X53 N200/N141,MIS Migrated Data,,Documents,docDocuments,,,NM_004062_02_Lab Evaluation.html
RFGYD2805,1,Supplier,INDORAMA VENTURES MOBILITY,LONGLAVILLE,,,1440 dtex 1X53 N200/N141,MIS Migrated Data,,Documents,docDocuments,,,NM_004062_03_Fabric Experimental Number Panel.html
RFGYD2805,1,Supplier,INDORAMA VENTURES MOBILITY,LONGLAVILLE,,,1440 dtex 1X53 N200/N141,MIS Migrated Data,,Documents,docDocuments,,,NM_004062_04_Global Product Stewardship.html
RFGYD2805,1,Supplier,INDORAMA VENTURES MOBILITY,LONGLAVILLE,,,1440 dtex 1X53 N200/N141,MIS Migrated Data,,Documents,docDocuments,,,NM_004062_05_SQA.html
RFGYD2805,1,Supplier,INDORAMA VENTURES MOBILITY,LONGLAVILLE,,,1440 dtex 1X53 N200/N141,MIS Migrated Data,,Documents,docDocuments,,,NM_004062_06_Prepare Plant Order.html
RFGYD2805,1,Supplier,INDORAMA VENTURES MOBILITY,LONGLAVILLE,,,1440 dtex 1X53 N200/N141,MIS Migrated Data,,Documents,docDocuments,,,NM_004062_07_Plant Trial.html
RFGYD2805,1,Supplier,INDORAMA VENTURES MOBILITY,LONGLAVILLE,,,1440 dtex 1X53 N200/N141,MIS Migrated Data,,Documents,docDocuments,,,NM_004062_08_Production Code.html
RFGYD2805,1,Supplier,INDORAMA VENTURES MOBILITY,LONGLAVILLE,,,1440 dtex 1X53 N200/N141,MIS Migrated Data,,Documents,docDocuments,,,NM_004062_09_Paper Work.html
RFGYD2805,1,Supplier,INDORAMA VENTURES MOBILITY,LONGLAVILLE,,,1440 dtex 1X53 N200/N141,MIS Migrated Data,,Documents,docDocuments,,,NM_004062_10_SOS Reinforcment.html
RFGYD2805,1,Supplier,INDORAMA VENTURES MOBILITY,LONGLAVILLE,,,1440 dtex 1X53 N200/N141,MIS Migrated Data,,Documents,docDocuments,,,NM_004062_Dashboard.html
RF0040253,1,Supplier,BEKAERT,IZMIT,,,UNSPECIFIED,MIS Migrated Data,,Documents,docDocuments,,,NS_004401_00_Program Initiation.html
RF0040253,1,Supplier,BEKAERT,IZMIT,,,UNSPECIFIED,MIS Migrated Data,,Documents,docDocuments,,,NS_004401_Dashboard.html
RFGL2060,1,Supplier,KERN,TRINEC - KONSKA,KERN,TRINEC - KONSKA,GL2060,MIS Migrated Data,,Documents,docDocuments,,,NS_007503_00_Program Initiation.html
RFGL2060,1,Supplier,KERN,TRINEC - KONSKA,KERN,TRINEC - KONSKA,GL2060,MIS Migrated Data,,Documents,docDocuments,,,NS_007503_Dashboard.html
RF0040652,1,Supplier,BEKAERT,VESPASIANO,,,B701FP,MIS Migrated Data,,Documents,docDocuments,,,NS_009311_00_Program Initiation.html
RF0040652,1,Supplier,BEKAERT,VESPASIANO,,,B701FP,MIS Migrated Data,,Documents,docDocuments,,,NS_009311_Dashboard.html
RFS00047,1,Supplier,KISWIRE,"Rongcheng, China",,,F901FP,MIS Migrated Data,,Documents,docDocuments,,,NS_013054_00_Program Initiation.html
RFS00047,1,Supplier,KISWIRE,"Rongcheng, China",,,F901FP,MIS Migrated Data,,Documents,docDocuments,,,NS_013054_01_Reinforcement Material Info.html
RFS00047,1,Supplier,KISWIRE,"Rongcheng, China",,,F901FP,MIS Migrated Data,,Documents,docDocuments,,,NS_013054_02_Lab Evaluation.html
RFS00047,1,Supplier,KISWIRE,"Rongcheng, China",,,F901FP,MIS Migrated Data,,Documents,docDocuments,,,NS_013054_03_GPS Regulatory Approval.html
RFS00047,1,Supplier,KISWIRE,"Rongcheng, China",,,F901FP,MIS Migrated Data,,Documents,docDocuments,,,NS_013054_04_SQA.html
RFS00047,1,Supplier,KISWIRE,"Rongcheng, China",,,F901FP,MIS Migrated Data,,Documents,docDocuments,,,NS_013054_Dashboard.html
RF0041582,1,Supplier,BEKAERT,IZMIT,,,BA01FP,MIS Migrated Data,,Documents,docDocuments,,,NS_014910_00_Program Initiation.html
RF0041582,1,Supplier,BEKAERT,IZMIT,,,BA01FP,MIS Migrated Data,,Documents,docDocuments,,,NS_014910_Dashboard.html
RF0041590,1,Supplier,BEKAERT,SHENYANG BSSC,,,,MIS Migrated Data,,Documents,docDocuments,,,NS_014925_00_Program Initiation.html
RF0041590,1,Supplier,BEKAERT,SHENYANG BSSC,,,,MIS Migrated Data,,Documents,docDocuments,,,NS_014925_Dashboard.html
RF0041619,1,Supplier,KISWIRE,QINGDAO,,,246CH,MIS Migrated Data,,Documents,docDocuments,,,NS_015008_00_Program Initiation.html
RF0041619,1,Supplier,KISWIRE,QINGDAO,,,246CH,MIS Migrated Data,,Documents,docDocuments,,,NS_015008_Dashboard.html
RF0041817,1,Supplier,TRAFILERIE MERIDIONALI,CHIETI SCALO,,,201CH,MIS Migrated Data,,Documents,docDocuments,,,NS_015595_00_Program Initiation.html
RF0041817,1,Supplier,TRAFILERIE MERIDIONALI,CHIETI SCALO,,,201CH,MIS Migrated Data,,Documents,docDocuments,,,NS_015595_Dashboard.html
RF0041826,1,Supplier,JIAXING EASTERN,,,,,MIS Migrated Data,,Documents,docDocuments,,,NS_015628_00_Program Initiation.html
RF0041826,1,Supplier,JIAXING EASTERN,,,,,MIS Migrated Data,,Documents,docDocuments,,,NS_015628_Dashboard.html
RF0043059,1,Supplier,CELIK HALAT,IZMIT,,,031CH,MIS Migrated Data,,Documents,docDocuments,,,NS_021932_00_Program Initiation.html
RF0043059,1,Supplier,CELIK HALAT,IZMIT,,,031CH,MIS Migrated Data,,Documents,docDocuments,,,NS_021932_Dashboard.html
RFS00090,1,Supplier,JIAXING EASTERN,ZHEJIANG,,,Y101FP,MIS Migrated Data,,Documents,docDocuments,,,NS_022401_00_Program Initiation.html
RFS00090,1,Supplier,JIAXING EASTERN,ZHEJIANG,,,Y101FP,MIS Migrated Data,,Documents,docDocuments,,,NS_022401_01_Reinforcement Material Info.html
RFS00090,1,Supplier,JIAXING EASTERN,ZHEJIANG,,,Y101FP,MIS Migrated Data,,Documents,docDocuments,,,NS_022401_02_Lab Evaluation.html
RFS00090,1,Supplier,JIAXING EASTERN,ZHEJIANG,,,Y101FP,MIS Migrated Data,,Documents,docDocuments,,,NS_022401_Dashboard.html
RF0044389,1,Supplier,HYOSUNG CORPORATION,DECATUR,,,,MIS Migrated Data,,Documents,docDocuments,,,NS_041879_00_Program Initiation.html
RF0044389,1,Supplier,HYOSUNG CORPORATION,DECATUR,,,,MIS Migrated Data,,Documents,docDocuments,,,NS_041879_Dashboard.html
RF0045664,1,Supplier,BMZ,MICORD,,,,MIS Migrated Data,,Documents,docDocuments,,,NS_067966_00_Program Initiation.html
RF0045664,1,Supplier,BMZ,MICORD,,,,MIS Migrated Data,,Documents,docDocuments,,,NS_067966_Dashboard.html
RF0046962,1,Supplier,INDORAMA VENTURES MOBILITY,LUXEMBOURG,,,,MIS Migrated Data,,Documents,docDocuments,,,NS_136022_00_Program Initiation.html
RF0046962,1,Supplier,INDORAMA VENTURES MOBILITY,LUXEMBOURG,,,,MIS Migrated Data,,Documents,docDocuments,,,NS_136022_Dashboard.html
RFW00044,1,Supplier,KISWIRE,YANGSAN,,,241CH,MIS Migrated Data,,Documents,docDocuments,,,NS_145101_00_Program Initiation.html
RFW00044,1,Supplier,KISWIRE,YANGSAN,,,241CH,MIS Migrated Data,,Documents,docDocuments,,,NS_145101_01_Reinforcement Material Info.html
RFW00044,1,Supplier,KISWIRE,YANGSAN,,,241CH,MIS Migrated Data,,Documents,docDocuments,,,NS_145101_02_Lab Evaluation.html
RFW00044,1,Supplier,KISWIRE,YANGSAN,,,241CH,MIS Migrated Data,,Documents,docDocuments,,,NS_145101_03_GPS Regulatory Approval.html
RFW00044,1,Supplier,KISWIRE,YANGSAN,,,241CH,MIS Migrated Data,,Documents,docDocuments,,,NS_145101_04_SQA.html
RFW00044,1,Supplier,KISWIRE,YANGSAN,,,241CH,MIS Migrated Data,,Documents,docDocuments,,,NS_145101_05_Prepare Plant Order.html
RFW00044,1,Supplier,KISWIRE,YANGSAN,,,241CH,MIS Migrated Data,,Documents,docDocuments,,,NS_145101_06_Processing Trial.html
RFW00044,1,Supplier,KISWIRE,YANGSAN,,,241CH,MIS Migrated Data,,Documents,docDocuments,,,NS_145101_Dashboard.html
