SP_VALUE,SP_VERSION,FR_SHORT_DESC,FR_VERSION,CONTEXT,SP_KEY1,SP_KEY2,SP_KEY3,SP_KEY4,SP_KEY5,STYPE_VALUE,CREATED_BY,LC_DESC,LC_VERSION,SS_DESC,CREATED_ON,EFFECTIVE_FROM,EFFECTIVE_TILL,HAS_ADHOC_APPROVAL
RFFP,1,SupplierReinforcement,,Supplier,KISWIRE,CHANGWON,,,F501FP,SRF,EventManager,Goodyear LC for Material Specifications,,@U,2025-02-18,,,
RFFP,1,SupplierReinforcement,,Supplier,BEKAERT,SHENYANG BSAP,,,BL01FP,SRF,EventManager,Goodyear LC for Material Specifications,,@U,2025-02-18,,,
RFCH,1,SupplierReinforcement,,Supplier,JIANGSU XINGDA,PLANT 2 - XING HUA,,,401CH,SRF,EventManager,Goodyear LC for Material Specifications,,@U,2025-02-18,,,
RFFP,1,SupplierReinforcement,,Supplier,HYOSUNG CORPORATION,DONG NAI - STEELCORD,,,C401FP,SRF,EventManager,Goodyear LC for Material Specifications,,@U,2025-02-18,,,
RFCH,1,SupplierReinforcement,,Supplier,BEKAERT,JIANGYIN,,,028CH,SRF,EventManager,Goodyear LC for Material Specifications,,@U,2025-02-18,,,
RFRW31SH,1,SupplierReinforcement,,Supplier,INDORAMA VENTURES MOBILITY,LUXEMBOURG,INDORAMA VENTURES MOBILITY,LUXEMBOURG,Q09RW31SH,SRF,EventManager,Goodyear LC for Material Specifications,,@U,2025-02-18,,,
RFCH,1,SupplierReinforcement,,Supplier,BEKAERT,SLADKOVICOVO,,,027CH,SRF,EventManager,Goodyear LC for Material Specifications,,@U,2025-02-18,,,
RFQC32PF,1,SupplierReinforcement,,Supplier,KORDSA,IZMIT,,,Z05QC32PF,SRF,EventManager,Goodyear LC for Material Specifications,,@U,2025-02-18,,,
RFCH,1,SupplierReinforcement,,Supplier,KISWIRE,CZECH REPUBLIC,,,248CH,SRF,EventManager,Goodyear LC for Material Specifications,,@U,2025-02-18,,,
RFCH,1,SupplierReinforcement,,Supplier,HYOSUNG CORPORATION,DONG NAI - STEELCORD,,,262CH,SRF,EventManager,Goodyear LC for Material Specifications,,@U,2025-02-18,,,
RFCH,1,SupplierReinforcement,,Supplier,SHANDONG SNTON,SHANDONG,,,421CH,SRF,EventManager,Goodyear LC for Material Specifications,,@U,2025-02-18,,,
RFCH,1,SupplierReinforcement,,Supplier,SHANDONG DAYE CO. LTD,SHANDONG XINXING INDUSTRIAL PARK,,,411CH,SRF,EventManager,Goodyear LC for Material Specifications,,@U,2025-02-18,,,
RFFP,1,SupplierReinforcement,,Supplier,HYOSUNG CORPORATION,DONG NAI,,,C403FP,SRF,EventManager,Goodyear LC for Material Specifications,,@U,2025-02-18,,,
RFCH,1,SupplierReinforcement,,Supplier,SHANDONG DAYE CO. LTD,SHANDONG XINXING INDUSTRIAL PARK,,,431CH,SRF,EventManager,Goodyear LC for Material Specifications,,@U,2025-02-18,,,
RFCH,1,SupplierReinforcement,,Supplier,KISWIRE,RONGCHENG CITY,,,252CH,SRF,EventManager,Goodyear LC for Material Specifications,,@U,2025-02-18,,,
RFFP,1,SupplierReinforcement,,Supplier,HYOSUNG CORPORATION,DONG NAI - STEELCORD,,,C402FP,SRF,EventManager,Goodyear LC for Material Specifications,,@U,2025-02-18,,,
RFCH,1,SupplierReinforcement,,Supplier,BEKAERT,ITAUNA - BRAZIL (BEAD WIRE),,,029CH,SRF,EventManager,Goodyear LC for Material Specifications,,@U,2025-02-18,,,
RFCH,1,SupplierReinforcement,,Supplier,KISWIRE,Pine Bluff,,,247CH,SRF,EventManager,Goodyear LC for Material Specifications,,@U,2025-02-18,,,
RFCH,1,SupplierReinforcement,,Supplier,KERN,TRINEC - KONSKA,,,391CH,SRF,EventManager,Goodyear LC for Material Specifications,,@U,2025-02-18,,,
RFLC16SD,1,SupplierReinforcement,,Supplier,JUNMA,ZHANGJIAGANG,,,U08LC16SD,SRF,EventManager,Goodyear LC for Material Specifications,,@U,2025-02-18,,,
RFCH,1,SupplierReinforcement,,Supplier,KISWIRE,QINGDAO,,,246CH,SRF,EventManager,Goodyear LC for Material Specifications,,@U,2025-02-18,,,
RFCH,1,SupplierReinforcement,,Supplier,NATIONAL STANDARD,STILLWATER,,,142CH,SRF,EventManager,Goodyear LC for Material Specifications,,@U,2025-02-18,,,
RFCH,1,SupplierReinforcement,,Supplier,KISWIRE,NEWBERRY,,,243CH,SRF,EventManager,Goodyear LC for Material Specifications,,@U,2025-02-18,,,
RFCH,1,SupplierReinforcement,,Supplier,BMZ,MICORD,,,312CH,SRF,EventManager,Goodyear LC for Material Specifications,,@U,2025-02-18,,,
RFNT26QA,1,SupplierReinforcement,,Supplier,HYOSUNG CORPORATION,DECATUR,,,720NT26QA,SRF,EventManager,Goodyear LC for Material Specifications,,@U,2025-02-18,,,
RFCH,1,SupplierReinforcement,,Supplier,BEKAERT,ROME,,,022CH,SRF,EventManager,Goodyear LC for Material Specifications,,@U,2025-02-18,,,
RFCH,1,SupplierReinforcement,,Supplier,TRAFILERIE MERIDIONALI,CHIETI SCALO,,,201CH,SRF,EventManager,Goodyear LC for Material Specifications,,@U,2025-02-18,,,
RFCH,1,SupplierReinforcement,,Supplier,KISWIRE,HONG DUK,,,242CH,SRF,EventManager,Goodyear LC for Material Specifications,,@U,2025-02-18,,,
RFCH,1,SupplierReinforcement,,Supplier,BEKAERT,IZMIT,,,023CH,SRF,EventManager,Goodyear LC for Material Specifications,,@U,2025-02-18,,,
RFCH,1,SupplierReinforcement,,Supplier,BEKAERT,BRAZIL,,,091CH,SRF,EventManager,Goodyear LC for Material Specifications,,@U,2025-02-18,,,
RFTEST1,1,SupplierReinforcement,,Supplier,GOODYEAR TIRE AND RUBBER,AKRON,,,UNSPECIFIED,SRF,EventManager,Goodyear LC for Material Specifications,,IA,2025-02-18,,,
RFJOAX_FDC,7,SupplierReinforcement,,Supplier,PPG INDUSTRIES,TOLL-ORIENTAL SILICA,,,UNSPECIFIED,SRF,EventManager,Goodyear LC for Material Specifications,,IA,2025-02-18,,,
RFJOAX_FDC,7,SupplierReinforcement,,Supplier,INDUSTRIA QUIMICA ELECTRO CLORO,BRAZIL,IND QUIMICAS BORDA CAMPO,UNSPECIFIED,FLAKED CAUSTIC SODA,SRF,EventManager,Goodyear LC for Material Specifications,,IA,2025-02-18,,,
RFJOAX_FDC,7,SupplierReinforcement,,Supplier,INDUSTRIA QUIMICA ELECTRO CLORO,BRAZIL,COSMOQUIMICA,UNSPECIFIED,FLAKED CAUSTIC SODA,SRF,EventManager,Goodyear LC for Material Specifications,,IA,2025-02-18,,,
RFJOAX_FDC,7,SupplierReinforcement,,Supplier,INDUSTRIA QUIMICA ELECTRO CLORO,BRAZIL,HERZOG,UNSPECIFIED,FLAKED CAUSTIC SODA,SRF,EventManager,Goodyear LC for Material Specifications,,IA,2025-02-18,,,
RFJOAX_FDC,7,SupplierReinforcement,,Supplier,DIAMOND SHAMROCK CHEMICAL,UNSPECIFIED,,,UNSPECIFIED,SRF,EventManager,Goodyear LC for Material Specifications,,IA,2025-02-18,,,
RFJOAX_FDC,7,SupplierReinforcement,,Supplier,AFRICAN EXPLOSIVES AND CHEMICAL,SOUTH AFRICA,SCHAUDER AND SONS,UNSPECIFIED,CAUSTIC SODA FLAKES,SRF,EventManager,Goodyear LC for Material Specifications,,IA,2025-02-18,,,
RFJOAX_FDC,7,SupplierReinforcement,,Supplier,CANADIAN INDUSTRIES,CANADA,CANADA COLORS,TORONTO,UNSPECIFIED,SRF,EventManager,Goodyear LC for Material Specifications,,IA,2025-02-18,,,
RFJOAX_FDC,7,SupplierReinforcement,,Supplier,CANADIAN INDUSTRIES,CANADA,NICHOLS CHEMICAL,CANADA,UNSPECIFIED,SRF,EventManager,Goodyear LC for Material Specifications,,IA,2025-02-18,,,
RFJOAX_FDC,7,SupplierReinforcement,,Supplier,"ALLIED CHEMICAL, SOLVAY",BRUSSELS,,,UNSPECIFIED,SRF,EventManager,Goodyear LC for Material Specifications,,IA,2025-02-18,,,
RFJOAX_FDC,7,SupplierReinforcement,,Supplier,BILLARPUR,INDIA,,,UNSPECIFIED,SRF,EventManager,Goodyear LC for Material Specifications,,IA,2025-02-18,,,
RFU07L,1,SupplierReinforcement,,Supplier,JUNMA,ZHANGJIAGANG,,,U07L,SRF,EventManager,Goodyear LC for Material Specifications,,IA,2025-02-18,,,
RFJOAX_FDC,7,SupplierReinforcement,,Supplier,INDUSTRIAS QUIMICAS DEL ISTMO,MEXICO,ESPECIALIDADES,MEXICO,SOSA CAUSTICA EN ECOMAS,SRF,EventManager,Goodyear LC for Material Specifications,,IA,2025-02-18,,,
RFQC32PF,1,SupplierReinforcement,,Supplier,HYOSUNG CORPORATION,LISA,,,QC32PF,SRF,EventManager,Goodyear LC for Material Specifications,,IA,2025-02-18,,,
RFFP,1,SupplierReinforcement,,Supplier,PIRELLI,FIGLINE,,,P101FP,SRF,EventManager,Goodyear LC for Material Specifications,,IA,2025-02-18,,,
RFQU26PF,1,SupplierReinforcement,,Supplier,HYOSUNG CORPORATION,LISA,,,QU26PF,SRF,EventManager,Goodyear LC for Material Specifications,,IA,2025-02-18,,,
RFQV28,1,SupplierReinforcement,,Supplier,HYOSUNG CORPORATION,DONG NAI,,,QV28,SRF,EventManager,Goodyear LC for Material Specifications,,IA,2025-02-18,,,
RFCH,1,SupplierReinforcement,,Supplier,NAT STAN,UITENHAGE,,,145CH,SRF,EventManager,Goodyear LC for Material Specifications,,IA,2025-02-18,,,
RFQV28,1,SupplierReinforcement,,Supplier,KORDSA,CAMACARI,,,QV28,SRF,EventManager,Goodyear LC for Material Specifications,,IA,2025-02-18,,,
RFC17GAZ,1,SupplierReinforcement,,Supplier,NGF,GUELPH - ON,,,C17GAZ,SRF,EventManager,Goodyear LC for Material Specifications,,IA,2025-02-18,,,
RFFP,1,SupplierReinforcement,,Supplier,BEKAERT,AALTER,,,B101FP,SRF,EventManager,Goodyear LC for Material Specifications,,IA,2025-02-18,,,
RFQV28,1,SupplierReinforcement,,Supplier,HYOSUNG CORPORATION,ULSAN,,,QV28,SRF,EventManager,Goodyear LC for Material Specifications,,IA,2025-02-18,,,
RF40HK2B,1,SupplierReinforcement,,Supplier,OTTO KUHLMANN,HEMER GERMANY,,,RF40HK2B,SRF,EventManager,Goodyear LC for Material Specifications,,IA,2025-02-18,,,
RFNJ27JF,1,SupplierReinforcement,,Supplier,HYOSUNG CORPORATION,AMERICANA,,,NJ27JF,SRF,EventManager,Goodyear LC for Material Specifications,,IA,2025-02-18,,,
RFNT30UA,1,SupplierReinforcement,,Supplier,HYOSUNG CORPORATION,LISA,,,NT30UA,SRF,EventManager,Goodyear LC for Material Specifications,,IA,2025-02-18,,,
RFLV19JA,1,SupplierReinforcement,,Supplier,HYOSUNG CORPORATION,AMERICANA,,,LV19JA,SRF,EventManager,Goodyear LC for Material Specifications,,IA,2025-02-18,,,
RFNC16KR,1,SupplierReinforcement,,Supplier,HYOSUNG CORPORATION,UTICA,,,NC16KR,SRF,EventManager,Goodyear LC for Material Specifications,,IA,2025-02-18,,,
RF9496,1,SupplierReinforcement,,Supplier,FRONTIER SPINNING MILLS,SANDFORD,,,FILL,SRF,EventManager,Goodyear LC for Material Specifications,,IA,2025-02-18,,,
RFFP,1,SupplierReinforcement,,Supplier,HYOSUNG CORPORATION,ASHEBORO,,,C201FP,SRF,EventManager,Goodyear LC for Material Specifications,,IA,2025-02-18,,,
RFB05L,1,SupplierReinforcement,,Supplier,KORDSA,BA,,,400-5,SRF,EventManager,Goodyear LC for Material Specifications,,IA,2025-02-18,,,
RFLH23MA,1,SupplierReinforcement,,Supplier,SRF,MANALI,,,LH23MA,SRF,EventManager,Goodyear LC for Material Specifications,,IA,2025-02-18,,,
RFJ35ZS,1,SupplierReinforcement,,Supplier,NGF,GUELPH - ON,,,G30-500,SRF,EventManager,Goodyear LC for Material Specifications,,IA,2025-02-18,,,
RFP01L,1,SupplierReinforcement,,Supplier,GRODNO KHIMVOLOKNO,GRODNO,,,POLYAMIDE STABILIZED,SRF,EventManager,Goodyear LC for Material Specifications,,IA,2025-02-18,,,
RFCH,1,SupplierReinforcement,,Supplier,BEKAERT,CLARKSDALE,,,041CH,SRF,EventManager,Goodyear LC for Material Specifications,,IA,2025-02-18,,,
RFCH,1,SupplierReinforcement,,Supplier,BMZ,MICORD,,,311CH,SRF,EventManager,Goodyear LC for Material Specifications,,IA,2025-02-18,,,
RFCH,1,SupplierReinforcement,,Supplier,EMCOCABLES,BOGOTA,,,051CH,SRF,EventManager,Goodyear LC for Material Specifications,,IA,2025-02-18,,,
RFCH,1,SupplierReinforcement,,Supplier,GUSTAV WOLF,GUTERSLOH,,,071CH,SRF,EventManager,Goodyear LC for Material Specifications,,IA,2025-02-18,,,
RFCH,1,SupplierReinforcement,,Supplier,BEKAERT,AALTER,,,021CH,SRF,EventManager,Goodyear LC for Material Specifications,,IA,2025-02-18,,,
RFCH,1,SupplierReinforcement,,Supplier,SCAW METALS,JOHANNESBURG,,,271CH,SRF,EventManager,Goodyear LC for Material Specifications,,IA,2025-02-18,,,
RFCH,1,SupplierReinforcement,,Supplier,CELIK HALAT,IZMIT,,,031CH,SRF,EventManager,Goodyear LC for Material Specifications,,IA,2025-02-18,,,
RFF07Q,1,SupplierReinforcement,,Supplier,INDORAMA VENTURES MOBILITY (Performance ,"LONGLAVILLE,   FRANCE ",,,1x53,SRF,EventManager,Goodyear LC for Material Specifications,,IA,2025-02-18,,,
RFKC15JR,1,SupplierReinforcement,,Supplier,HYOSUNG CORPORATION,DECATUR,,,KC15JR,SRF,EventManager,Goodyear LC for Material Specifications,,IA,2025-02-18,,,
RFFP,1,SupplierReinforcement,,Supplier,TREFILARBED,CHANGWON,,,F501FP,SRF,EventManager,New Source Lifecycle,,IA,2025-02-18,,,
RFFP,1,SupplierReinforcement,,Supplier,BEKAERT,SHENYANG BSSC,,,BL01FP,SRF,EventManager,New Source Lifecycle,,IA,2025-02-18,,,
RFCH,1,SupplierReinforcement,,Supplier,JIANGSU XINGDA,XING HUA,,,401CH,SRF,EventManager,New Source Lifecycle,,IA,2025-02-18,,,
RFN00001,1,ReinforcementFabric,,,,,,,,RF,EventManager,Goodyear LC for Material Specifications,,IA,2025-02-18,,,
RFN00001,1,SupplierReinforcement,,Supplier,HYOSUNG CORPORATION,UTICA,,,NF30MA,SRF,EventManager,Goodyear LC for Material Specifications,,@C,2025-02-18,,,
RFS00004,1,SupplierReinforcement,,Supplier,BEKAERT,IZMIT,,,BA01FP,SRF,EventManager,New Source Lifecycle,,@C,2025-02-18,,,
RF0040084,1,SupplierReinforcement,,Supplier,HYOSUNG CORPORATION,DONG NAI,,,QV28,SRF,EventManager,New Source Lifecycle,,@C,2025-02-18,,,
RFGYD2805,1,SupplierReinforcement,,Supplier,INDORAMA VENTURES MOBILITY,LONGLAVILLE,,,1440 dtex 1X53 N200/N141,SRF,EventManager,Goodyear LC for Material Specifications,,@C,2025-02-18,,,
RF0040253,1,SupplierReinforcement,,Supplier,BEKAERT,IZMIT,,,UNSPECIFIED,SRF,EventManager,New Source Lifecycle,,@C,2025-02-18,,,
RFGL2060,1,SupplierReinforcement,,Supplier,KERN,TRINEC - KONSKA,KERN,TRINEC - KONSKA,GL2060,SRF,EventManager,New Source Lifecycle,,@C,2025-02-18,,,
RF0040652,1,SupplierReinforcement,,Supplier,BEKAERT,VESPASIANO,,,B701FP,SRF,EventManager,New Source Lifecycle,,@C,2025-02-18,,,
RFS00047,1,SupplierReinforcement,,Supplier,KISWIRE,"Rongcheng, China",,,F901FP,SRF,EventManager,New Source Lifecycle,,@C,2025-02-18,,,
RF0041582,1,SupplierReinforcement,,Supplier,BEKAERT,IZMIT,,,BA01FP,SRF,EventManager,New Source Lifecycle,,@C,2025-02-18,,,
RF0041590,1,SupplierReinforcement,,Supplier,BEKAERT,SHENYANG BSSC,,,,SRF,EventManager,New Source Lifecycle,,@C,2025-02-18,,,
RF0041619,1,SupplierReinforcement,,Supplier,KISWIRE,QINGDAO,,,246CH,SRF,EventManager,New Source Lifecycle,,@C,2025-02-18,,,
RF0041817,1,SupplierReinforcement,,Supplier,TRAFILERIE MERIDIONALI,CHIETI SCALO,,,201CH,SRF,EventManager,New Source Lifecycle,,@C,2025-02-18,,,
RF0041826,1,SupplierReinforcement,,Supplier,JIAXING EASTERN,,,,,SRF,EventManager,New Source Lifecycle,,@C,2025-02-18,,,
RF0043059,1,SupplierReinforcement,,Supplier,CELIK HALAT,IZMIT,,,031CH,SRF,EventManager,New Source Lifecycle,,In Development,2025-02-18,,,
RFS00090,1,SupplierReinforcement,,Supplier,JIAXING EASTERN,ZHEJIANG,,,Y101FP,SRF,EventManager,New Source Lifecycle,,@C,2025-02-18,,,
RF0044389,1,SupplierReinforcement,,Supplier,HYOSUNG CORPORATION,DECATUR,,,,SRF,EventManager,New Source Lifecycle,,@C,2025-02-18,,,
RF0045664,1,SupplierReinforcement,,Supplier,BMZ,MICORD,,,,SRF,EventManager,New Source Lifecycle,,@C,2025-02-18,,,
RF0046962,1,SupplierReinforcement,,Supplier,INDORAMA VENTURES MOBILITY,LUXEMBOURG,,,,SRF,EventManager,New Source Lifecycle,,@C,2025-02-18,,,
RFW00044,1,SupplierReinforcement,,Supplier,KISWIRE,YANGSAN,,,241CH,SRF,EventManager,New Source Lifecycle,,Limited Approved NS,2025-02-18,,,
