,MATERIAL_CODE_ID,MATERIAL_CODE,CLASS,SUBCLASS,MATERIAL_DESC,SAP_STATUS,GBS_MATERIAL_TYPE,GBS_SECONDARY_MATERIAL_TYPE,GBS_COMPONENT_TYPE,STAINING,MATERIAL_FORM,INITIAL_INSPECTION_CODE
0,5,VC28HA,FABRIC,"POLYESTER - HMLS / NYLON 6,6","HMLS POLYESTER / NYLON 6,6 1100/1/2 12X12 28EPI HA",N,FABR,FABR,FABR,N, ,VC28HA
1,8,US,WIRE,STEEL CORD,3+2x.35 ST,Y,WIRE,WIRE,BELT,N, ,US
35,12,TH28HA,FABRIC,POLYESTER - HMLS,HMLS POLYESTER  1100/1/2 10 X 10 TPI 28EPI HA,Y,FABR,FABR,POLYESTER-LO SHRINK/HI MODULUS,,,TH28HA
36,26,TC32HF,FABRIC,POLYESTER - HMLS,HMLS POLYESTER 1100/1/2 12X12 TPI 32EPI HF,Y,FABR,FABR,,,,TC32HF
37,27,TC28HF,FABRIC,POLYESTER - HMLS,HMLS POLYESTER  1100/1/2 12x12 TPI 28EPI HF,Y,FABR,FABR,FABR,N, ,TC28HF
73,28,TC28HA,FABRIC,POLYESTER - HMLS,HMLS POLYESTER  1100/1/2 12 X 12 TPI 28EPI HA,N,FABR,FABR,POLYESTER,N, ,TC28HA
75,52,Z04T,YARN,POLYESTER,1100 DECITEX HMLS POLYESTER,Y,,,,,,Z04T
76,54,Z02N,YARN,"NYLON 6,6","940 DECITEX NYLON 6,6",Y,,,,,,Z02N
77,55,Z01N,YARN,"NYLON 6,6","1400 DECITEX NYLON 6,6",Y,,,,,,Z01N
79,61,WU,WIRE,STEEL CORD,3X7X.22HE,Y,WIRE,WIRE,BELT,,,WU
81,62,WQ,WIRE,STEEL CORD,1X5X.38 HT 2CF,Y,WIRE,WIRE,BELT,,,WQ
84,63,WP,WIRE,STEEL CORD,2+2x.25 NT,Y,WIRE,WIRE,BELT,N, ,WP
126,67,WL,WIRE,STEEL CORD,2x.295 HT,Y,WIRE,WIRE,BELT,N, ,WL
229,78,U03T,YARN,POLYESTER - HMLS,1440 DECITEX HMLS POLYESTER,Y,,,,,,U03T
230,79,U02T,YARN,POLYESTER - HMLS,1100 DECITEX HMLS POLYESTER,Y,,,,,,U02T
231,80,U02N,YARN,"NYLON 6,6","1400 DECITEX NYLON 6,6",Y,,,,,,U02N
232,82,TV28HF,FABRIC,POLYESTER - HMLS,"HMLS POLYESTER 1670/1/2 8.5x8.5TPI, 28EPI HF",Y,FABR,FABR,FABR,N, ,TV28HF
243,87,TU32HF,FABRIC,POLYESTER - HMLS,"HMLS POLYESTER 1440/1/2, 9x9TPI, 32EPI HF",Y,FABR,FABR,FABR,N, ,TU32HF
277,93,TM27HB,FABRIC,POLYESTER - HMLS,HMLS POLYESTER 2200/1/2  8.5X8.5 TPI 27EPI HB,Y,FABR,FABR,POLYESTER-LO SHRINK/HI MODULUS,,,TM27HB
280,99,WD,WIRE,STEEL CORD,1+5X.185UT,Y,WIRE,WIRE,INSERT,,,WD
284,110,NH,Single End Dipped Cord,"NYLON 6,6","1400/1/2 DECITEX NYLON 6,6 WOVEN",Y,FABR,FABRSQW,"NYLON 6,6",N, ,NH
287,111,NG30SJ,FABRIC,"NYLON 6,6","NYLON 6,6 1400/1/2 6X6 TPI 30EPI SJ",Y,FABR,FABR,,,,NG30SJ
288,112,NG30SG,FABRIC,"NYLON 6,6","NYLON 6,6 1400/1/2 6x6 TPI 30EPI SG",Y,FABR,FABR,FABR,N, ,NG30SG
289,113,NG30JA,FABRIC,"NYLON 6,6","NYLON 6,6 1400/1/2 6X6 TPI 30EPI JA",Y,FABR,FABR,,,,NG30JA
294,114,NG,Single End Dipped Cord,"NYLON 6,6","1400/2 DECITEX NYLON 6,6 WOVEN",Y,FABR,FABRSQW,NYLON CORD,N, ,NG
295,115,NF30ME,FABRIC,"NYLON 6,6","NYLON 6,6 1400/1/2 10 X 10 TPI 30EPI ME",Y,FABR,FABR,NYLON 66,,,NF30ME
301,119,NF26,GREIGE,"NYLON 6,6","NYLON 6,6 1400/1/2 10X10 TPI 26EPI",N,FABR,FABR,FABR,N, ,NF26
302,121,NF23,GREIGE,"NYLON 6,6","NYLON 6,6  1400/1/2 10 X 10 TPI 23EPI",N,FABR,FABR,FABR,N, ,NF23
304,127,NC27,GREIGE,"NYLON 6,6","NYLON 6,6 940/1/2 12x12 TPI 27EPI",N,FABR,FABR,FABR,N, ,NC27
305,131,NC21,GREIGE,"NYLON 6,6","NYLON 6,6  940/1/2 12 X 12 TPI 21EPI",N,FABR,FABR,FABR,N, ,NC21
306,132,NC20UA,FABRIC,"NYLON 6,6","NYLON 6,6 940/1/2 12X12 TPI 20EPI UA",Y,FABR,FABR,,,,NC20UA
307,135,NC16,GREIGE,"NYLON 6,6","NYLON 6,6 940/1/2 12x12 TPI 16EPI",N,FABR,FABR,FABR,N, ,NC16
309,136,NB30JA,FABRIC,"NYLON 6,6","NYLON 6,6  1400/2/1 0X3 TPI 30EPI JA",Y,FABR,FABR,,,,NB30JA
315,140,,CONVERTED FABRIC,"NYLON 6,6","470/1 DECITEX NYLON 6,6 WOVEN 24X24",Y,FABR,FABRSQW,NYLON 66,,,
323,146,N04L,YARN,NYLON 6,1400 DECITEX NYLON 6,Y,,,,,,N04L
325,172,RD26ZA,FABRIC,RAYON,RAYON 1840/1/2 12X12 TPI 26EPI ZA,N,FABR,FABR,FABR,N, ,RD26ZA
328,182,R08N,YARN,"NYLON 6,6","1400 DECITEX NYLON 6,6",Y,,,,,,R08N
329,191,QN32PF,FABRIC,POLYESTER - HMLS AA,AA HMLS 1440/1/2  7X9TPI  32EPI PF,N,FABR,FABR,POLYESTER-LO SHRINK/HI MODULUS,,,QN32PF
330,198,QC28PF,FABRIC,POLYESTER - HMLS AA,AA HMLS POLYESTER 1100/1/2 12x12 TPI 28EPI PF,Y,FABR,FABR,FABR,N, ,QC28PF
334,231,NX,Single End Dipped Cord,"NYLON 6,6","940/2 DECITEX NYLON 6,6 SED 12X12",Y,FABR,FABRSQW,"NYLON 6,6",N, ,NX
335,236,NV22GF,FABRIC,"NYLON 6,6","NYLON 6,6 2100/1/2 6X8 TPI 22EPI GF",N,FABR,FABR,FABR,N, ,NV22GF
336,241,NT26SK,FABRIC,"NYLON 6,6 MONOFILAMENT","NYLON 6,6 950/0/1 MONOFILAMENT 26EPI SK",Y,FABR,FABR,NYLON 66,,,NT26SK
338,242,NT26QA,FABRIC,"NYLON 6,6 MONOFILAMENT","NYLON 6,6 950/0/1 MONOFILAMENT 26EPI QA",Y,FABR,FABR,"NYLON 6,6",N, ,NT26QA
343,245,NSX,CONVERTED FABRIC,"NYLON 6,6","2000/1 DECITEX NYLON 6,6 WOVEN 10X10",Y,FABR,,,,,NSX
352,250,NP26,GREIGE,"NYLON 6,6","NYLON 6,6 2100/1/2 8x8 TPI 26EPI",N,FABR,FABR,FABR,N, ,NP26
354,252,NP23,GREIGE,"NYLON 6,6","NYLON 6,6 2100/1/2 8x8 TPI 23EPI",N,FABR,FABR,FABR,N, ,NP23
358,254,NP19GA,FABRIC,"NYLON 6,6","NYLON 6,6 2100/1/2 8X8 TPI 19EPI GA",Y,FABR,FABR,NYLON 66,,,NP19GA
362,255,NP19,GREIGE,"NYLON 6,6","NYLON 6,6 2100/1/2 8x8 TPI 19EPI",N,FABR,FABR,FABR,N, ,NP19
364,258,NN,CONVERTED FABRIC,"NYLON 6,6","1100/1 DECITEX NYLON 6,6 WOVEN 14X14",Y,FABR,FABRSQW,NYLON 66,,,NN
377,265,JH23DR,FABRIC,"NYLON 6,6","NYLON 6,6  1400/1/3 8 X 8 TPI 23EPI DR",Y,FABR,FABR,NYLON 66,,,JH23DR
379,267,JH,WIRE,BEAD WIRE,0.89MM BEAD WIRE - HIGH TENSILE,Y,WIRE,WIRE,BEAD,,,JH
473,268,JF23DH,FABRIC,"NYLON 6,6","NYLON 6,6  1400/1/2 10 X 10 TPI 23EPI DH",Y,FABR,FABR,FABR,N, ,JF23DH
474,291,I14L,YARN,NYLON 6,1880 DECITEX NYLON 6,Y,,,,,,I14L
475,329,LP26JA,FABRIC,NYLON 6,NYLON 6 2100/2 8x8 TPI 26 EPI JA,Y,FABR,FABR,FABR,N, ,LP26JA
480,333,NC30SJ,FABRIC,"NYLON 6,6","NYLON 6,6 940/1/2 12X12 TPI 30EPI SJ",Y,FABR,FABR,,,,NC30SJ
484,334,NC30QA,FABRIC,"NYLON 6,6","NYLON 6,6 940/1/2 12X12 TPI 30EPI QA",Y,FABR,FABR,,,,NC30QA
490,336,NC30GA,FABRIC,"NYLON 6,6","NYLON 6,6 940/1/2 12 X 12 TPI 30EPI GA",Y,FABR,FABR,FABR,N, ,NC30GA
491,342,LP23JA,FABRIC,NYLON 6,NYLON 6 2100/1/2 8x8 TPI 23 EPI JA,Y,FABR,FABR,FABR,N, ,LP23JA
501,343,LP23,GREIGE,NYLON 6,NYLON 6 2100/1/2 8 X 8 TPI 23EPI,N,FABR,FABR,FABR,N, ,LP23
502,345,LP19JA,FABRIC,NYLON 6,NYLON 6 2100/1/2 8 X 8 TPI 19EPI JA,Y,FABR,FABR,FABR,N, ,LP19JA
511,346,LP19,GREIGE,NYLON 6,NYLON 6 2100/1/2 8 X 8 TPI 19EPI,N,FABR,FABR,FABR,N, ,LP19
513,351,LN,CONVERTED FABRIC,NYLON 6,1100/1 DECITEX NYLON 6 WOVEN 14X14,Y,FABR,FABRSQW,NYLON 6,,,LN
514,353,LL26GA,FABRIC,NYLON 6,"NYLON 6, 1400/1/2 8X10 TPI 26 EPI GA",N,FABR,FABR,FABR,N, ,LL26GA
515,362,LH23MA,FABRIC,NYLON 6,NYLON 6 1400/1/3 8X8 TPI 23EPI MA,Y,FABR,FABR,FABR,N, ,LH23MA
516,364,LF26MA,FABRIC,NYLON 6,NYLON 6 1400/1/2 10X10 TPI 26EPI MA,N,FABR,FABR,FABR,N, ,LF26MA
517,368,LC27JA,FABRIC,NYLON 6,NYLON 6 940/1/2 12X12 TPI 27EPI JA,Y,FABR,FABR,NYLON 6,,,LC27JA
519,393,KD12QA,FABRIC,"NYLON 6,6 MONOFILAMENT","NYLON 6,6 MONO  10000/1 0 X 0 TPI 12EPI QA",Y,FABR,FABR,HYTEN - NYLON 66 MONOFILAMENT,,,KD12QA
522,394,KC18DH,FABRIC,"NYLON 6,6 MONOFILAMENT","NYLON 6,6 MONO  4400/1 0 X 0 TPI 18EPI DH",Y,FABR,FABR,NYLON 66,,,KC18DH
523,396,KC14DH,FABRIC,"NYLON 6,6 MONOFILAMENT","NYLON 6,6 MONOFILAMENT 4400/1 0X0 14EPI DH",Y,FABR,FABR,FABR,N, ,KC14DH
525,404,K29T,YARN,POLYESTER - HMLS,2200 DECITEX HMLS POLYESTER,Y,,,,,,K29T
526,405,K28Q,YARN,POLYESTER - HMLS AA,1440 DECITEX AA HMLS POLYESTER,Y,,,,,,K28Q
528,407,K25Q,YARN,POLYESTER - HMLS AA,1100 DECITEX AA HMLS POLYESTER,Y,,,,,,K25Q
529,408,K24T,YARN,POLYESTER - HMLS,1440 DECITEX HMLS POLYESTER,Y,,,,,,K24T
530,409,K23T,YARN,POLYESTER - HMLS,1100 DECITEX HMLS POLYESTER,Y,,,,,,K23T
531,413,JM22DH,FABRIC,"NYLON 6,6","NYLON 6,6  2100/1/3 6 X 6 TPI 22EPI DH",Y,FABR,FABR,NYLON 66,,,JM22DH
537,416,JH23QR,FABRIC,"NYLON 6,6","NYLON 6,6  1400/1/3 8 X 8 TPI 23EPI QR",Y,FABR,FABR,NYLON 66,,,JH23QR
546,449,GD18SA,FABRIC,FIBERGLASS,FIBERGLASS  3300/0/3 0X1.5 TPI 18EPI SA,N,FABR,FABR,FABR,N, ,GD18SA
548,450,GB20SA,FABRIC,FIBERGLASS,FIBERGLASS 3300/0/2 0X1.5 TPI 20EPI SA,Y,FABR,FABR,FABR,N, ,GB20SA
555,456,GA16SA,FABRIC,FIBERGLASS,FIBERGLASS 3300/0/1 0X1.5 TPI 16EPI SA,Y,FABR,FABR,FABR,N, ,GA16SA
568,460,G47R,YARN,RAYON,1220 DECITEX RAYON,Y,,,,,,G47R
570,461,G46R,YARN,RAYON,2440 DECITEX RAYON,Y,,,,,,G46R
571,482,ES,WIRE,STEEL CORD,(0.40+6X.365)+6X(.365+6X.35) ST,Y,WIRE,WIRE,BELT,,,ES
580,491,E08A,YARN,ARAMID,1100 DTEX ARAMID,Y,,,,,,E08A
581,503,CH,WIRE,BEAD WIRE,"1.83MM BEAD WIRE - HIGH TENSILE
(Cooper Code 9024)",Y,WIRE,WIRE,BEAD,N, ,CH
637,504,CF20YF,FABRIC,HYBRID,MERGED CORD 1670/1 ARAMID + 940/1 NYLON 66 20 EPI YF,Y,FABR,FABR,FABR,N, ,CF20YF
643,722,BN32JA,FABRIC,"NYLON 6,6","NYLON 6,6  1400/1 0X4.6 TPI 32EPI JA",Y,FABR,FABR,,,,BN32JA
667,723,BN32GA,FABRIC,"NYLON 6,6","NYLON 6,6 1400/1 0X4.6 TPI  32EPI  GA",Y,FABR,FABR,NYLON 66,,,BN32GA
673,724,BN24MA,FABRIC,"NYLON 6,6","NYLON 6,6  1400/1 0X4.5 TPI 24EPI MA",N,FABR,FABR,FABR,N, ,BN24MA
676,726,BI30GF,FABRIC,"NYLON 6,6","NYLON 6,6 940/1 0X4.6S TPI 30EPI GF",Y,FABR,FABR,,,,BI30GF
682,727,BH20MS,FABRIC,"NYLON 6,6","NYLON 6,6 1400/1/3 8.4X8.4 TPI 20EPI MS",Y,FABR,FABR,NYLON 66,,,BH20MS
686,728,BH,WIRE,BEAD WIRE,"1.295MM BEAD WIRE - HIGH TENSILE 
(Cooper 9021/9906/9001)",Y,WIRE,WIRE,BEAD,N, ,BH
770,738,B08N,YARN,"NYLON 6,6","940 DECITEX  NYLON 6,6",N,,,,,,B08N
771,741,B05L,YARN,NYLON 6,2100 DECITEX NYLON 6,Y,,,,,,B05L
772,743,B03L,YARN,NYLON 6,940 DECITEX NYLON 6,Y,,,,,,B03L
773,750,AR,WIRE,BEAD WIRE,0.965MM BEAD WIRE - REGULAR TENSILE,Y,WIRE,WIRE,BEAD,,,AR
779,761,CE16WA,FABRIC,HYBRID,"MERGED CORD 1100 DTEX ARAMID/1400 DTEX NYLON 6,6 16EPIWA",Y,FABR,FABR,FABR,N, ,CE16WA
797,762,CB20YF,FABRIC,HYBRID,"MERGED CORD 1100DTEX ARAMID/940 DTEX NYLON 6,6 20 EPI YF",Y,FABR,FABR,FABR,N, ,CB20YF
803,776,C17GS,Single End Dipped Cord,FIBERGLASS,3300/0/1 FIBERGLASS 60 TPM S-TWIST SED,N,,,,,,C17GS
804,787,AH,WIRE,BEAD WIRE,"0.965MM BEAD WIRE - HIGH TENSILE
(Cooper Code 9011)",Y,WIRE,WIRE,BEAD,N, ,AH
827,789,AD28YR,FABRIC,ARAMID,ARAMID  1670/1/2 8.4 X 8.4 TPI 28EPI YR,Y,FABR,FABR,ARAMID,,,AD28YR
832,796,711K,YARN,"NYLON 6,6 MONOFILAMENT","10,000 DECITEX NYLON 6,6 (MONOFILAMENT)",Y,,,,,,711K
834,797,112A,YARN,ARAMID,1100 DECITEX ARAMID,Y,,,,,,112A
836,798,107A,YARN,ARAMID,1670 DECITEX ARAMID,Y,,,,,,107A
839,800,9494,Miscellaneous,FILL,NE24'S (NM40.6) COTTON,N,FABR,FABRSQW,MISC,N, ,9494
842,801,9493,Miscellaneous,FILL,NE18'S (NM30.4) COTTON,N,FABR,FABRSQW,MISC,N, ,9493
844,807,9481,TEXTILE CORD,BLEEDER,12'S/1,Y,FABR,FABRSQW,REG POLYESTER,,,9481
847,810,540Q,YARN,POLYESTER - HMLS AA,1440 DECITEX AA-HMLS POLYESTER,Y,,,,,,540Q
848,811,538Q,YARN,POLYESTER - HMLS AA,1670 DECITEX AA-HMLS POLYESTER,Y,,,,,,538Q
850,818,317T,YARN,POLYESTER - HMLS,1440 DECITEX HMLS POLYESTER,Y,,,,,,317T
851,821,139N,YARN,"NYLON 6,6","1400 DECITEX NYLON 6,6",Y,,,,,,139N
853,824,118N,YARN,"NYLON 6,6","470 DECITEX NYLON 6,6",Y,,,,,,118N
854,839,UZ,WIRE,STEEL CORD,3+9X.25+1 HT,Y,WIRE,WIRE,BELT,,,UZ
856,840,UY,WIRE,STEEL CORD,3X.365/9X.34 HT,Y,WIRE,WIRE,BELT,,,UY
862,841,UX,WIRE,STEEL CORD,3x.20/9x.175+1 HT,Y,WIRE,WIRE,PLY,N, ,UX
864,842,UW,WIRE,STEEL CORD,2+2x.295 HT,Y,WIRE,WIRE,BELT,N, ,UW
949,843,UU,WIRE,STEEL CORD,1X.22/18X.20 ST WIRE,Y,WIRE,WIRE,,,,UU
959,849,UN,WIRE,STEEL CORD,3+9+15x.22+1x.15 HT,Y,WIRE,WIRE,BELT,N, ,UN
962,850,UM,WIRE,STEEL CORD,3X.22/9X.20+1 HT,Y,WIRE,WIRE,CARCASS,,,UM
984,909,TC27HA,FABRIC,POLYESTER - HMLS,HMLS POLYESTER  1100/1/2 12 X 12 TPI 27EPI HA,Y,FABR,FABR,FABR,N, ,TC27HA
1001,911,TB30HF,FABRIC,POLYESTER - HMLS,HMLS  POLYESTER 1100/1/3 8.5 X 8.5 TPI 30EPI HF,N,FABR,FABR,FABR,N, ,TB30HF
1002,963,YK26VF,FABRIC,POLYESTER - HMLS AA,AA-HMLS POLYESTER 1440/1/3 8.5X8.5 TPI 26EPI VF,Y,FABR,FABR,POLYESTER-LS/HM-ADHES ACTIVATD,,,YK26VF
1004,964,YK20VA,FABRIC,POLYESTER - HMLS AA,AA-HMLS POLYESTER 1440/1/3 8.5X8.5 TPI 20EPI VA,N,FABR,FABR,FABR,N, ,YK20VA
1005,978,WT,WIRE,STEEL CORD,2+1X.28 NT,Y,WIRE,WIRE,,,,WT
1013,999,UJ,WIRE,STEEL CORD,27X.175+1X.15 HT,Y,WIRE,WIRE,CARCASS,,,UJ
1016,1000,UH,WIRE,STEEL CORD,3X.265/9X.245+1 HT,Y,WIRE,WIRE,PLY,,,UH
1020,1002,UG,WIRE,STEEL CORD,1X.20/18X.175 ST,Y,WIRE,WIRE,CARCASS,,,UG
1059,1003,UF,WIRE,STEEL CORD,3x7x.175 HE,Y,WIRE,WIRE,BELT,,,UF
1063,1004,UD,WIRE,STEEL CORD,3+3x.35 ST,Y,WIRE,WIRE,BELT,N, ,UD
1068,1007,TV28HP,FABRIC,POLYESTER - HMLS,HMLS POLYESTER  1670/1/2 8.5 X 8.5 TPI 28EPI HP,Y,FABR,FABR,POLYESTER-LO SHRINK/HI MODULUS,,,TV28HP
1074,1025,TK27HB,FABRIC,POLYESTER - HMLS,HMLS POLYESTER  1440/1/3 8 X 8 TPI 27EPI HB,Y,FABR,FABR,FABR,N, ,TK27HB
1078,1049,RY28AF,FABRIC,RAYON,RAYON 1840/1/2  10.4X10.4TPI  28EPI AF,Y,FABR,FABR,RAYON,,,RY28AF
1082,1054,RQ24BF,FABRIC,RAYON,RAYON 2440/1/2 9.9X9.9TPI  24EPI  BF,Y,FABR,FABR,RAYON,,,RQ24BF
1084,1055,RQ24BD,FABRIC,RAYON,RAYON 2440/1/2 9.9X9.9TPI  24EPI  BD,N,FABR,FABR,FABR,N, ,RQ24BD
1085,1069,NG30JR,FABRIC,"NYLON 6,6","NYLON 6,6  1400/1/2 6 X 6 TPI 30EPI JR",Y,FABR,FABR,NYLON 66,,,NG30JR
1090,1070,NG30GA,FABRIC,"NYLON 6,6","NYLON 6,6  1400/1/2  6X6TPI  30EPI  GA",Y,FABR,FABR,NYLON 66,,,NG30GA
1097,1071,NF30MR,FABRIC,"NYLON 6,6","NYLON 6,6  1400/1/2 10 X 10 TPI 30EPI MR",Y,FABR,FABR,NYLON 66,,,NF30MR
1104,1072,NF30MA,FABRIC,"NYLON 6,6","NYLON 6,6  1400/1/2 10 X 10 TPI 30EPI MA",Y,FABR,FABR,NYLON 66,,,NF30MA
1109,1073,NF30JR,FABRIC,"NYLON 6,6","NYLON 6,6  1400/1/2 10 X 10 TPI 30EPI JR",Y,FABR,FABR,NYLON 66,,,NF30JR
1110,1074,NF30JA,FABRIC,"NYLON 6,6","NYLON 6,6  1400/1/2 10 X 10 TPI 30EPI JA",Y,FABR,FABR,NYLON 66,,,NF30JA
1116,1075,NF30DH,FABRIC,"NYLON 6,6","NYLON 6,6  1400/1/2 10 X 10 TPI 30EPI DH",Y,FABR,FABR,NYLON 66,,,NF30DH
1135,1078,NF28MA,FABRIC,"NYLON 6,6","NYLON 6,6  1400/1/2 10 X 10 TPI 28EPI MA",N,FABR,FABR,FABR,N, ,NF28MA
1137,1080,NF28JA,FABRIC,"NYLON 6,6","NYLON 6,6  1400/1/2 10 X 10 TPI 28EPI JA",Y,FABR,FABR,FABR,N, ,NF28JA
1141,1082,NF26MS,FABRIC,"NYLON 6,6","NYLON 6,6 1400/1/2 10X10 TPI 26EPI MS",N,FABR,FABR,FABR,N, ,NF26MS
1144,1083,NF26MA,FABRIC,"NYLON 6,6","NYLON 6,6  1400/1/2 10 X 10 TPI 26EPI MA",N,FABR,FABR,FABR,N, ,NF26MA
1145,1084,NF26KR,FABRIC,"NYLON 6,6","NYLON 6,6  1400/1/2 10 X 10 TPI 26EPI KR",Y,FABR,FABR,NYLON 66,,,NF26KR
1150,1085,NF26JR,FABRIC,"NYLON 6,6","NYLON 6,6  1400/1/2 10 X 10 TPI 26EPI JR",Y,FABR,FABR,NYLON 66,,,NF26JR
1155,1086,NF26JF,FABRIC,"NYLON 6,6","NYLON 6,6  1400/1/2 10 X 10 TPI 26EPI JF",Y,FABR,FABR,NYLON 66,,,NF26JF
1156,1087,NF26JA,FABRIC,"NYLON 6,6","NYLON 6,6  1400/1/2 10 X 10 TPI 26EPI JA",Y,FABR,FABR,NYLON 66,,,NF26JA
1158,1091,NF23DH,FABRIC,"NYLON 6,6","NYLON 6,6  1400/1/2 10 X 10 TPI 23EPI DH",Y,FABR,FABR,NYLON 66,,,NF23DH
1164,1092,NF20MS,FABRIC,"NYLON 6,6","NYLON 6,6 1400/1/2 10X10 TPI 20EPI MS",N,FABR,FABR,FABR,N, ,NF20MS
1167,1094,NF18DH,FABRIC,"NYLON 6,6","NYLON 6,6  1400/1/2 10 X 10 TPI 18EPI DH",Y,FABR,FABR,NYLON 66,,,NF18DH
1171,1104,NC35DH,FABRIC,"NYLON 6,6","NYLON 6,6  940/1/2 12 X 12 TPI 35EPI DH",Y,FABR,FABR,NYLON 66,,,NC35DH
1174,1105,NC21QH,FABRIC,"NYLON 6,6","NYLON 6,6  940/1/2 12 X 12 TPI 21EPI QH",Y,FABR,FABR,NYLON 66,,,NC21QH
1179,1106,NC21QA,FABRIC,"NYLON 6,6","NYLON 6,6  940/1/2 12 X 12 TPI 21EPI QA",Y,FABR,FABR,NYLON 66,,,NC21QA
1193,1107,NC21JR,FABRIC,"NYLON 6,6","NYLON 6,6  940/1/2 12 X 12 TPI 21EPI JR",Y,FABR,FABR,NYLON 66,,,NC21JR
1195,1109,NC21JA,FABRIC,"NYLON 6,6","NYLON 6,6  940/1/2 12x12 TPI 21EPI JA",Y,FABR,FABR,FABR,N, ,NC21JA
1197,1110,NC21DH,FABRIC,"NYLON 6,6","NYLON 6,6  940/1/2 12x12 TPI 21EPI DH",Y,FABR,FABR,FABR,N, ,NC21DH
1204,1112,NC16QH,FABRIC,"NYLON 6,6","NYLON 6,6  940/1/2 12 X 12 TPI 16EPI QH",Y,FABR,FABR,NYLON 66,,,NC16QH
1207,1114,NC16QA,FABRIC,"NYLON 6,6","NYLON 6,6  940/1/2 12 X 12 TPI 16EPI QA",Y,FABR,FABR,NYLON 66,,,NC16QA
1216,1116,NB30GA,FABRIC,"NYLON 6,6","NYLON 6,6  1400/2/1  0X3TPI  30EPI  GA",Y,FABR,FABR,NYLON 66,,,NB30GA
1218,1135,WA,WIRE,STEEL CORD,7X7X.25+1 HT,Y,WIRE,WIRE,BELT,,,WA
1227,1138,RN26AF,FABRIC,RAYON,RAYON 1840/1/3  9.1X9.1TPI  26EPI  AF,Y,FABR,FABR,RAYON,,,RN26AF
1230,1140,RN25AF,FABRIC,RAYON,RAYON 1840/1/3  9.1X9.1TPI  25EPI  AF,Y,FABR,FABR,RAYON,,,RN25AF
1234,1141,RM23BF,FABRIC,RAYON,RAYON 1840/1/2  9X9TPI  23EPI  BF,Y,FABR,FABR,RAYON,,,RM23BF
1235,1142,RJ18BL,FABRIC,RAYON,RAYON 2440/1/3  6.5X6.5TPI  18EPI  BL,Y,FABR,FABR,RAYON,,,RJ18BL
1236,1155,RE25AF,FABRIC,RAYON,RAYON  1840/1/3 12 X 10 TPI 25EPI AF,N,FABR,FABR,FABR,N, ,RE25AF
1238,1156,RE18BG,FABRIC,RAYON,RAYON 1840/1/3  12X10TPI  18EPI  BG,Y,FABR,FABR,RAYON,,,RE18BG
1239,1157,RD30AF,FABRIC,RAYON,RAYON  1840/1/2 12 X 12 TPI 30EPI AF,Y,FABR,FABR,RAYON,,,RD30AF
1240,1170,QY26VF,FABRIC,POLYESTER - HMLS AA,AA-HMLS POLYESTER 1670/1/2 10X10 TPI 26EPI VF,N,FABR,FABR,FABR,N, ,QY26VF
1241,1173,QU32PF,FABRIC,POLYESTER - HMLS AA,AA HMLS POLYESTER 1440/1/2 9x9 TPI 32EPI PF,Y,FABR,FABR,FABR,N, ,QU32PF
1251,1174,QU30PF,FABRIC,POLYESTER - HMLS AA,AA HMLS POLYESTER 1440/1/2 9 X 9 TPI 30EPI PF,Y,FABR,FABR,,,,QU30PF
1252,1177,QC35PF,FABRIC,POLYESTER - HMLS AA,AA HMLS POLYESTER 1100/1/2 12x12 TPI 35EPI PF,Y,FABR,FABR,FABR,N, ,QC35PF
1253,1246,NW35JR,FABRIC,"NYLON 6,6","NYLON 6,6  470/1/2 14 X 14 TPI 35EPI JR",Y,FABR,FABR,NYLON 66,,,NW35JR
1256,1256,NP26JA,FABRIC,"NYLON 6,6","NYLON 6,6  2100/1/2 8x8 TPI 26EPI JA",N,FABR,FABR,FABR,N, ,NP26JA
1257,1258,NP23JA,FABRIC,"NYLON 6,6","NYLON 6,6  2100/1/2 8x8 TPI 23EPI JA",Y,FABR,FABR,FABR,N, ,NP23JA
1264,1260,NP19JA,FABRIC,"NYLON 6,6","NYLON 6,6  2100/1/2 8 X 8 TPI 19EPI JA",Y,FABR,FABR,NYLON 66,,,NP19JA
1265,1270,NL26GF,FABRIC,"NYLON 6,6","NYLON 6,6 1400/1/2  8X10TPI  26EPI  GF",Y,FABR,FABR,NYLON 66,,,NL26GF
1266,1288,NJ20UA,FABRIC,"NYLON 6,6","NYLON 6,6 940/1/2  10X12TPI  20EPI  UA",Y,FABR,FABR,,,,NJ20UA
1267,1295,JH19DR,FABRIC,"NYLON 6,6","NYLON 6,6  1400/1/3 8 X 8 TPI 19EPI DR",Y,FABR,FABR,NYLON 66,,,JH19DR
1273,1297,JF30DH,FABRIC,"NYLON 6,6","NYLON 6,6  1400/1/2 10 X 10 TPI 30EPI DH",Y,FABR,FABR,FABR,N, ,JF30DH
1275,1298,JF26DR,FABRIC,"NYLON 6,6","NYLON 6,6  1400/1/2 10 X 10 TPI 26EPI DR",Y,FABR,FABR,NYLON 66,,,JF26DR
1277,1301,JF18DH,FABRIC,"NYLON 6,6","NYLON 6,6  1400/1/2 10 X 10 TPI 18EPI DH",Y,FABR,FABR,FABR,N,S,JF18DH
1278,1332,ID25JA,FABRIC,NYLON 6,NYLON 6  1880/1/2 8.5 X 8.5 TPI 25EPI JA,N,FABR,FABR,FABR,N, ,ID25JA
1279,1359,HH,WIRE,BEAD WIRE,1.60 MM BEAD WIRE - HIGH TENSILE,N,WIRE,BEAD,BEAD,N, ,HH
1280,1395,NC32KR,FABRIC,"NYLON 6,6","NYLON 6,6  940/1/2 12 X 12 TPI 32EPI KR",N,FABR,FABR,FABR,N, ,NC32KR
1284,1396,NC32JR,FABRIC,"NYLON 6,6","NYLON 6,6  940/1/2 12 X 12 TPI 32EPI JR",Y,FABR,FABR,NYLON 66,,,NC32JR
1288,1397,NC32JA,FABRIC,"NYLON 6,6","NYLON 6,6  940/1/2 12x12 TPI 32EPI JA",Y,FABR,FABR,FABR,N, ,NC32JA
1301,1398,NC30JA,FABRIC,"NYLON 6,6","NYLON 6,6  940/1/2 12 X 12 TPI 30EPI JA",Y,FABR,FABR,,,,NC30JA
1305,1400,NC28MA,FABRIC,"NYLON 6,6","NYLON 6,6  940/1/2 12 X 12 TPI 28EPI MA",N,FABR,FABR,FABR,N, ,NC28MA
1309,1401,NC27JR,FABRIC,"NYLON 6,6","NYLON 6,6  940/1/2 12 X 12 TPI 27EPI JR",Y,FABR,FABR,NYLON 66,,,NC27JR
1313,1403,NC27JA,FABRIC,"NYLON 6,6","NYLON 6,6  940/1/2 12x12 TPI 27EPI JA",Y,FABR,FABR,FABR,N, ,NC27JA
1324,1435,LF26JA,FABRIC,NYLON 6,NYLON 6  1400/1/2 10 X 10 TPI 26EPI JA,Y,FABR,FABR,NYLON 6,,,LF26JA
1328,1436,LF23JA,FABRIC,NYLON 6,NYLON 6  1400/1/2 10 X 10 TPI 23EPI JA,Y,FABR,FABR,NYLON 6,,,LF23JA
1333,1445,LC33JA,FABRIC,NYLON 6,NYLON 6 940/1/2 12 X 12 TPI 33EPI JA,Y,FABR,FABR,NYLON 6,,,LC33JA
1334,1449,LC16QA,FABRIC,NYLON 6,NYLON 6  940/1/2 12 X 12 TPI 16EPI QA,N,FABR,FABR,FABR,N, ,LC16QA
1337,1488,JR18DH,FABRIC,"NYLON 6,6","NYLON 6,6  2100/2/2 5 X 6 TPI 18EPI DH",Y,FABR,FABR,NYLON 66,,,JR18DH
1338,1498,JN18DH,FABRIC,"NYLON 6,6","NYLON 6,6  2100/2/2 4 X 4 TPI 18EPI DH",Y,FABR,FABR,NYLON 66,,,JN18DH
1339,1499,JM20DH,FABRIC,"NYLON 6,6","NYLON 6,6  2100/1/3 6 X 6 TPI 20EPI DH",Y,FABR,FABR,NYLON 66,,,JM20DH
1345,1500,JM16DH,FABRIC,"NYLON 6,6","NYLON 6,6  2100/1/3 6 X 6 TPI 16EPI DH",Y,FABR,FABR,NYLON 66,,,JM16DH
1349,1519,H45,WIRE,CABLE BEAD,"1x6.0+(11+17+23+29)x2.2
",N,BEAD,CABLBD,BEAD,N, ,H45
1350,1585,DC21DH,FABRIC,"NYLON 6,6","NYLON 6,6  940/1/2 12 X 12 TPI 21EPI DH",Y,FABR,FABR,RED NYLON,,,DC21DH
1351,1622,G44,WIRE,CABLE BEAD,"1x5.0+(10+16+22+28)x2.0
",N,BEAD,CABLBD,BEAD,N, ,G44
1352,1656,FC,WIRE,STEEL CORD,4+3X.41 ST,N,WIRE,WIRE,,,,FC
1354,1657,FB,WIRE,STEEL CORD,3X.20+7X.23 NT,Y,WIRE,WIRE,PLY,,,FB
1355,1679,EP,WIRE,STEEL CORD,7X(3+9+15X.245)+1 HT,Y,WIRE,WIRE,PLY,,,EP
1364,1685,EM,WIRE,STEEL CORD,4x2x.34 HE,Y,WIRE,WIRE,BELT,N, ,EM
1370,1690,EJ,WIRE,STEEL CORD,19X.22 +6X 1X.22/18X.20 +1 HT,Y,WIRE,WIRE,PLY,N, ,EJ
1378,1691,EE,WIRE,STEEL CORD,5/8/14X.265+1ST,Y,WIRE,WIRE,BELT,,,EE
1395,1697,EB,WIRE,STEEL CORD,4X6X.265HE-HT,Y,WIRE,WIRE,CARCASS,,,EB
1396,1729,CK,TEXTILE CORD,BLEEDER,20/3 COTTON COUNT BLEEDER CORD,Y,FABR,FABRSQW,COTTON,,,CK
1397,1752,D33,WIRE,CABLE BEAD,"1x2.5+(7+13+19)x1.8
",N,BEAD,CABLBD,BEAD,N, ,D33
1398,1766,CR,WIRE,BEAD WIRE,1.83MM BEAD WIRE - REGULAR TENSILE,Y,WIRE,WIRE,BEAD,,,CR
1400,1951,BH17MS,FABRIC,"NYLON 6,6","NYLON 6,6 1400/1/3 8.4X8.4 TPI 17EPI MS",Y,FABR,FABR,NYLON 66,,,BH17MS
1405,1974,AT30YF,FABRIC,ARAMID,ARAMID  1100/1/2 16 X 16 TPI 30EPI YF,Y,FABR,FABR,ARAMID,,,AT30YF
1410,2004,CA28YF,FABRIC,HYBRID,"MERGED CORD  1100 DTEX ARAMID / 940 DTEX NYLON 6,6 28 EPI YF",Y,FABR,FABR,FABR,N, ,CA28YF
1411,2026,AE20YH,FABRIC,ARAMID,ARAMID  1670/1/3 6.9 X 6.9 TPI 20EPI YH,Y,FABR,FABR,ARAMID,,,AE20YH
1413,2028,AE16YH,FABRIC,ARAMID,ARAMID  1670/1/3 6.9 X 6.9 TPI 16EPI YH,Y,FABR,FABR,ARAMID,,,AE16YH
1414,2029,AE16YA,FABRIC,ARAMID,ARAMID  1670/1/3 6.9 X 6.9 TPI 16EPI YA,Y,FABR,FABR,ARAMID,,,AE16YA
1415,2048,539Q,YARN,POLYESTER - HMLS AA,1100 DECITEX AA-HMLS POLYESTER,Y,,,,,,539Q
1416,2049,149N,YARN,"NYLON 6,6","2100 DECITEX NYLON 6,6",Y,,,,,,149N
1418,2050,119N,YARN,"NYLON 6,6","940 DECITEX NYLON 6,6",Y,,,,,,119N
1422,2122,RY28SL,FABRIC,RAYON,Rayon 1840/1/2 10.4/10.4 TPI 28 EPI SL,Y,FABR,FABR,FABR,N, ,RY28SL
1437,2221,QM26PF,FABRIC,POLYESTER - HMLS AA,"HMLS PET, 2200/1/2, 8.5x8.5 TPI, 26 EPI, PF",Y,FABR,FABR,FABR,N, ,QM26PF
1438,2241,FN,WIRE,STEEL CORD,4+3x.35 UT,Y,WIRE,WIRE,BELT,,,FN
1500,2242,FP,WIRE,STEEL CORD,1x.21/18x.185 UT,Y,WIRE,WIRE,PLY,,,FP
1518,2261,QV28,GREIGE,POLYESTER - HMLS AA,AA HMLS POLYESTER 1670/1/2 8.5x8.5 TPI 28EPI,N,FABR,FABR,FABR,N, ,QV28
1521,2341,QZ20YF,FABRIC,POLYESTER - HMLS AA,"HMLS POLYESTER, 1440/1/3, 4.5/4.5 TPI, 20 EPI, YF",Y,FABR,FABR,FABR,N, ,QZ20YF
1524,2343,ANY3YA,FABRIC,ARAMID,"ARAMID, 1670/2, 8.9x8.9 TPI, 20.3 EPI, YA",Y,FABR,FABR,ARAMID,,,ANY3YA
1533,2361,K31T,YARN,POLYESTER - HMLS,2200 Decitex HMLS Polyester,Y,,,,,,K31T
1535,2366,NF18,GREIGE,"NYLON 6,6","Nylon 6,6 1400/1/2 10x10 TPI 18EPI",N,FABR,FABR,FABR,N, ,NF18
1537,2367,NC30,GREIGE,"NYLON 6,6","Nylon 6,6 1400/1/2 10x10 TPI 30EPI",N,FABR,FABR,FABR,N, ,NC30
1538,2368,NF30,GREIGE,"NYLON 6,6","Nylon 6,6 1400/1/2 10x10 TPI 30EPI",N,FABR,FABR,FABR,N, ,NF30
1540,2369,ZB14SA,FABRIC,CARBON FIBER,Carbon Fiber 8000/1 0x1.5 TPI 14 EPI SA,Y,FABR,FABR,CARBON FIBER,,,ZB14SA
1546,2401,RY28SH,FABRIC,RAYON,"Rayon 1840/1/2 10.4/10.4tpi, 28 EPI, SH",N,FABR,FABR,FABR,N, ,RY28SH
1547,2402,RY28SB,FABRIC,RAYON,"1840/2, 10.4 x 10.4 TPI, 28 EPI, SB",Y,FABR,FABR,RAYON,,,RY28SB
1548,2421,TM26HF,FABRIC,POLYESTER - HMLS,HMLS POLYESTER 2200/1/2 8.5X8.5 TPI 26EPI HF,N,FABR,FABR,FABR,N, ,TM26HF
1556,2461,Z08J,YARN,"NYLON 6,6","2100 DECITEX (1890 denier)NYLON 6,6
",Y,FABR,FABR,FABR,N, ,Z08J
1557,2501,QJ28RA,FABRIC,POLYESTER - HMLS AA,AA HMLS POLYESTER 1100/1/2 11.5 X 11.5 TPI 28EPI RA,N,FABR,FABR,FABR,N, ,QJ28RA
1558,2521,UK,WIRE,STEEL CORD,2+2x.35 ST,Y,WIRE,WIRE,BELT,N, ,UK
1601,2522,WM,WIRE,STEEL CORD,7X19X20+1X15HT,N,WIRE,WIRE,BELT,N, ,WM
1603,2541,KARENTEST1,,,test spec,N,,,,,,KARENTEST1
1604,2682,QV28PF,FABRIC,POLYESTER - HMLS AA,AA HMLS POLYESTER 1670/1/2 8.5x8.5 TPI 28EPI PF,N,FABR,FABR,FABR,N, ,QV28PF
1605,2841,FM,WIRE,STEEL CORD,3x.22/9x.20+1 ST,N,WIRE,WIRE,PLY,,,FM
1606,2901,N4,CONVERTED FABRIC,"NYLON 6,6","Nominal 235/470 dtex  Nylon 6,6 bead tape",N,FABR,FABRSQW,FABR,N, ,N4
1607,2921,AN20.3YA,FABRIC,ARAMID,tba,N,FABR,FABR,ARAMID,,,AN20.3YA
1608,3282,LH26JA,FABRIC,NYLON 6,NYLON 6  1400/1/3 8 X 8 TPI 26EPI JA,Y,FABR,FABR,NYLON 6,,,LH26JA
1609,3284,TV28HA,FABRIC,POLYESTER - HMLS,"HMLS POLYESTER 1670/1/2 8.5X8.5TPI, 28EPI HA",N,FABR,FABR,FABR,N, ,TV28HA
1610,3301,NC16UA,FABRIC,"NYLON 6,6","NYLON 6,6 940/1/2 12x12 TPI 16 EPI UA",Y,FABR,FABR,FABR,N, ,NC16UA
1611,3361,FQ,WIRE,STEEL CORD,3+2x.35 UT,Y,WIRE,WIRE,BELT,,,FQ
1649,3362,FR,WIRE,STEEL CORD,3x.21/9x.185 UT,Y,WIRE,WIRE,CARCASS,,,FR
1672,3521,S04T,YARN,POLYESTER - HMLS,"1100 DECITEX (990 DENIER) HMLS POLYESTER
	",Y,FABR,FABR,FABR,N, ,S04T
1674,3541,S06T,YARN,POLYESTER - HMLS,2200 DECITEX HMLS POLYESTER,Y,,,,,,S06T
1676,3542,S01Q,YARN,POLYESTER - HMLS AA,1100 DECITEX AA HMLS POLYESTER,Y,,,,,,S01Q
1677,3561,S02T,YARN,POLYESTER - HMLS,1670 DECITEX HMLS POLYESTER,Y,,,,,,S02T
1678,3681,F06Q,YARN,POLYESTER - HMLS AA,1100 DECITEX AA-HMLS POLYESTER,Y,,,,,,F06Q
1679,3901,RN25SB,FABRIC,RAYON,"RAYON, 1840/1/3, 9.1x9.1 TPI, 25 EPI SB",Y,FABR,FABR,FABR,N, ,RN25SB
1680,4161,K32T,YARN,POLYESTER - HMLS,1440 Decitex (1300 Denier) HMLS PET Yarn - HSP-40 from Hyosung Ulsan,Y,,,,,,K32T
1681,4261,NC01KA,Single End Dipped Cord,"NYLON 6,6","NC SED, QA LASE spec",N,FABR,SCORD,NYLON,,,NC01KA
1682,4281,U02NA,CONVERTED FABRIC,"NYLON 6,6","470/1 DECITEX NYLON 6,6 WOVEN 24X24",Y,FABR,,,,,U02NA
1685,4521,I47LN,CONVERTED FABRIC,NYLON 6,1100/1 DECITEX NYLON 6 WOVEN 14X14,Y,FABR,FABRSQW,NYLON 6,,,I47LN
1690,4541,NC35,GREIGE,"NYLON 6,6","NYLON 6,6 940/2 12X12 TPI, 35 EPI",N,FABR,FABR,FABR,N, ,NC35
1691,4562,ANY3SH,FABRIC,ARAMID,ARAMID K952/080 - 1670x2dtex - 80epd - 350/350tpm ex Du Pont/Textilcord,Y,FABR,FABR,ARAMID,,,ANY3SH
1698,4701,FF,WIRE,STEEL CORD,3x3x.170 NT,Y,WIRE,WIRE,BELT,,,FF
1699,4741,B44LB,CONVERTED FABRIC,NYLON 6,nylon6 monofilament chafer,Y,FABR,FABRSQW,NYLON 6,,,B44LB
1700,4841,Q10RY28SH/A,FABRIC,RAYON,"1840/2, 10.4 x 10.4 TPI, 28 EPI, SH",N,FABR,FABR,RAYON,,,Q10RY28SH/A
1701,4861,AT30YR,FABRIC,ARAMID,"ARAMID, 1100/2, 16x16 TPI, EPI, YR",Y,FABR,FABR,ARAMID,,,AT30YR
1708,4881,S01QC28PF,FABRIC,POLYESTER - HMLS AA,AA HMLS POLYESTER 1100/1/2 12X12 TPI 28EPI PF,N,FABR,FABR,,,,S01QC28PF
1709,4981,V05T,YARN,POLYESTER - HMLS,1440 DECITEX (1300 DENIER) NAA-HMLS POLYESTER,Y,FABR,FABR,FABR,N, ,V05T
1710,5021,L17A,YARN,ARAMID,"ARAMID 1100 dtex, type 1025 (super endurance)",Y,,,,,,L17A
1711,5321,AW01SL,Single End Dipped Cord,ARAMID,"Aramid,1680/1/3",N,FABR,FABR,SINGLE END CORD,N, ,AW01SL
1712,5601,FS,WIRE,STEEL CORD,3x3x.170 NT HLLE,Y,WIRE,WIRE,BELT,,,FS
1716,5642,245JH,WIRE,BEAD WIRE,0.89MM BEAD WIRE - HIGH TENSILE,N,WIRE,WIRE,BEAD,,,245JH
1717,5681,C17G,YARN,FIBERGLASS,Fiberglass 3300 Decitex,N,FABR,FABR,FABR,N, ,C17G
1719,5821,1.80 MM,WIRE,CABLE BEAD,CABLE BEAD WIRE,N,WIRE,WIRE,,,,1.80 MM
1722,5823,2.20 MM,WIRE,CABLE BEAD,CABLE BEAD WIRE,N,WIRE,WIRE,,,,2.20 MM
1723,5881,F301FN,WIRE,STEEL CORD,4+3x.35 UT,N,WIRE,WIRE,,,,F301FN
1724,6021,AP30YR,FABRIC,ARAMID,"ARAMID, 1100/2, 9x9 TPI, 30 EPI, YR",Y,FABR,FABR,ARAMID,,,AP30YR
1728,6103,NZI1SH,FABRIC,"NYLON 6,6","NYLON 6,6 940/2 12.2x12.2 TPI  26.1 EPI SH",N,FABR,FABR,FABR,N, ,NZI1SH
1729,6104,RXF7SG,FABRIC,RAYON,"Rayon 1840/2, 10.7x10.7 TPI, 27.7 EPI, SG",Y,FABR,FABR,FABR,N, ,RXF7SG
1730,6107,BS26SG,FABRIC,"NYLON 6,6","NYLON 6,6 1400/2 - 9.3x9.1 TPI, 26 EPI, SG",Y,FABR,FABR,FABR,N, ,BS26SG
1731,6161,U09TM26HF/B,FABRIC,POLYESTER - HMLS,HMLS POLYESTER 2200/1/2 8.5X8.5 TPI 26EPI HF,N,FABR,FABR,,,,U09TM26HF/B
1732,6242,Z04TC28HF,FABRIC,POLYESTER - HMLS,HMLS POLYESTER  1100/1/2 12 X 12 TPI 28EPI HF,N,FABR,FABR,FABR,N,S,Z04TC28HF
1733,6261,RFFP,WIRE,STEEL CORD,1x.21/18x.185 UT,N,WIRE,WIRE,PLY,,,RFFP
1734,6321,246CH,WIRE,BEAD WIRE,1.83MM BEAD WIRE - HIGH TENSILE,N,WIRE,WIRE,BEAD,,,246CH
1735,6521,S01N,YARN,"NYLON 6,6","940 DECITEX NYLON 6,6",Y,,,,,,S01N
1737,6561,P101FP,WIRE,STEEL CORD,1x.21/18x.185 UT,N,WIRE,WIRE,,,,P101FP
1738,6621,AE20LR,Single End Dipped Cord,ARAMID,"ARAMID, 1670/3, 6.9x6.9 SED fabric 20epi",Y,FABR,FABR,ARAMID,,,AE20LR
1749,6701,CE01WA,Single End Dipped Cord,HYBRID,1000d aramid/1260d nylon merged cord (code CE),N,FABR,SCORD,FABR,N, ,CE01WA
1750,6702,NC01QA,Single End Dipped Cord,"NYLON 6,6",NCxxQA SED cord,N,FABR,SCORD,SINGLE END CORD,N, ,NC01QA
1751,6721,S04Q,YARN,POLYESTER - HMLS AA,1670 DECITEX AA-HMLS POLYESTER,Y,,,,,,S04Q
1752,6781,DFGFDG,FABRIC,RAYON,Dipped fabric,N,FABR,FABR,RAYON,,,DFGFDG
1753,6841,Z102WP,WIRE,STEEL CORD,2+2X.25 NT,N,WIRE,WIRE,,,,Z102WP
1755,6881,TY26HF,FABRIC,POLYESTER - HMLS,"V00024: 1670/1/2 Non-AA HMLS PET, 10x10 tpi, 26 epi, HF - 4300C Adhesive System",N,FABR,FABR,FABR,N, ,TY26HF
1758,6981,145JH,WIRE,BEAD WIRE,0.89MM BEAD WIRE - HIGH TENSILE,N,WIRE,WIRE,BEAD,,,145JH
1759,7141,TQ20HA,FABRIC,POLYESTER - HMLS,"V00026: 1440/1/3 Non-AA HMLS PET, 8.5x8.5 tpi, 20 epi, HA - 4300C Adhesive System",Y,FABR,FABR,POLYESTER-LO SHRINK/HI MODULUS,,,TQ20HA
1764,7201,715G,YARN,FIBERGLASS,3300 Decitex Fiberglass,Y,,,,,,715G
1766,7301,091JH,WIRE,BEAD WIRE,0.89MM BEAD WIRE - HIGH TENSILE,N,WIRE,WIRE,BEAD,,,091JH
1767,7361,E09A,YARN,ARAMID,ARAMID 1670 dtex,Y,,,,,,E09A
1768,7401,NF26TR,FABRIC,"NYLON 6,6","NF26TR Rev: 0 Nylon 6,6 1400/2 10x10 TPI 26 EPI TR",Y,FABR,FABR,NYLON 66,,,NF26TR
1770,7421,AD24YR,FABRIC,ARAMID,AD24YR Rev: 0 Aramid 1670/2 8.4x8.4 TPI 24 EPI YR,Y,FABR,FABR,ARAMID,,,AD24YR
1777,7501,AH01SO,Single End Dipped Cord,ARAMID,ARAMID SED CORD - 1100x2dtex - 550/550tpm ex Teijin Aramid/Teijin Aramid,Y,FABR,SCORD,SINGLE END CORD,N, ,AH01SO
1779,7781,TC22HA,FABRIC,POLYESTER - HMLS,"V00023:
1100/1/2 Non-AA HMLS PET, 12x12 tpi, 22, epi, HA - 4300C Adhesive System",Y,FABR,FABR,POLYESTER-LO SHRINK/HI MODULUS,,,TC22HA
1780,7881,I16L,YARN,NYLON 6,1400 DECITEX NYLON 6,Y,,,,,,I16L
1781,7941,TC24HF,FABRIC,POLYESTER - HMLS AA,HMLS POLYESTER 1100/1/2 11.5X11.5 TPI 24EPI VF,Y,FABR,FABR,POLYESTER-LO SHRINK/HI MODULUS,,,TC24HF
1782,8121,AE01FA,Single End Dipped Cord,ARAMID,"1670/3 Aramid SED Cord, 6.9/6.9 twist,",Y,FABR,SCORD,ARAMID,,,AE01FA
1786,8621,Q09R,YARN,RAYON,Rayon 1220 dtex,Y,,,,,,Q09R
1787,8721,K34P,YARN,POLYESTER - HMULS,2200dtex non-AA HMULS Polyester,Y,,,,,,K34P
1788,8821,U05L,YARN,NYLON 6,2100dtex nylon6 yarn (see SIS for complete spec),Y,,,,,,U05L
1789,9101,AB18YF,FABRIC,ARAMID,ARAMID 1670/1/2 12X12 TPI 18EPI NA (ARAMID UTICA PROCESS),N,FABR,FABR,FABR,N, ,AB18YF
1790,9121,L01ANY3YA,FABRIC,ARAMID,"ARAMID, 1670/2, 8.9x8.9 TPI, 20.3 EPI, YA",N,FABR,FABR,FABR,N, ,L01ANY3YA
1791,9201,C101UN,WIRE,STEEL CORD,3+9+15X.22+1X.15 NT,N,WIRE,WIRE,WIRE,N, ,C101UN
1792,9324,TQ26HF,FABRIC,POLYESTER - HMLS,AA-HMLS POLYESTER 1440/1/3 8.5X8.5 TPI 26EPI VF,N,FABR,FABR,FABR,N, ,TQ26HF
1793,9342,S02N,YARN,"NYLON 6,6","1400 DECITEX NYLON 6,6",Y,,,,,,S02N
1794,9343,S03N,YARN,"NYLON 6,6","2100 DECITEX NYLON 6,6",Y,,,,,,S03N
1795,9541,RQ24SE,FABRIC,RAYON,Rayon 2440/1/2 9.9x9.9 24EPI SE,Y,FABR,FABR,FABR,N, ,RQ24SE
1798,9841,BH01FQ,WIRE,STEEL CORD,3+2x.35 UT,N,WIRE,WIRE,BELT,N, ,BH01FQ
1799,9881,RY28SC,FABRIC,RAYON,RY28,N,FABR,FABR,FABR,N, ,RY28SC
1800,10001,TV27HP,FABRIC,POLYESTER - HMLS,"1670/1/2 HMLS PET, 8.5x8.5 tpi, 27 epi, HP",Y,,,,,,TV27HP
1808,10002,TH27HA,FABRIC,POLYESTER - HMLS,"1100/1/2 HMLS PET, 10x10 tpi, 27 epi, HA",Y,,,,,,TH27HA
1810,10101,RW31SC,FABRIC,RAYON,"RAYON 1220/1/2, 12.3x12.3 TPI, 31 EPI, SC",Y,FABR,FABR,FABR,N, ,RW31SC
1812,10281,NZ26SH,FABRIC,"NYLON 6,6","NYLON 66, 940/1/2, 12.2x12.2 TPI, 26 EPI, SH",Y,FABR,FABR,FABR,N, ,NZ26SH
1818,10401,CG01FH,Single End Dipped Cord,HYBRID,equivalent to code HS0002,Y,FABR,FABR,SINGLE END CORD,N, ,CG01FH
1822,10441,CH16WA,FABRIC,HYBRID,"Low Denier Hybrid:  670/1 Kevlar AP + 470/1 Nylon 66, 18.3Z + 10.3Z x 18.3S",Y,,,,,,CH16WA
1833,10481,PM26HF,FABRIC,POLYESTER - HMULS,"NON-AA HMULS PET, 2200/1/2, 8.5x8.5 TPI, 26 EPI, HF",Y,FABR,FABR,FABR,N, ,PM26HF
1838,10521,RW31SL,FABRIC,RAYON,"RAYON, 1220/1/2, 12.3x12.3 TPI, 31 EPI, SL",N,FABR,FABR,FABR,N, ,RW31SL
1841,10561,NP23JR,FABRIC,"NYLON 6,6",To include NP23JR in SOS,Y,,,,,,NP23JR
1847,10581,LF25MA,FABRIC,NYLON 6,LF25MA with std. weft,Y,,,,,,LF25MA
1848,10621,AE01FH,Single End Dipped Cord,ARAMID,SED AE,Y,,,,,,AE01FH
1853,10661,RN26SH,FABRIC,RAYON,"	RAYON, 1840/3, 9.1x9.1 TPI, 26 EPI, SH",Y,FABR,FABR,FABR,N, ,RN26SH
1854,10701,NC27GF,FABRIC,"NYLON 6,6","NYLON 6,6, 940/2, 12/12 TPI, 27 EPI, GF",N,FABR,FABR,FABR,N, ,NC27GF
1855,10721,U06L,YARN,NYLON 6,1880dtex nylon6,Y,,,,,,U06L
1856,10741,ID20SD,FABRIC,NYLON 6,"NYLON 6, 1880/2, 8.5x8.5 TPI, 20 EPI, SD",Y,FABR,FABR,FABR,N, ,ID20SD
1857,10764,K36T,YARN,POLYESTER - HMLS,1440 DECITEX (1296 DENIER) HMLS PET,Y,FABR,FABR,FABR,N, ,K36T
1858,10781,ID25SD,FABRIC,NYLON 6,"NYLON 6, 1880/2, 8.5x8.5 TPI, 25 EPI, SD",Y,FABR,FABR,FABR,N, ,ID25SD
1859,10801,U07LF26SD,FABRIC,NYLON 6,"NYLON 6, 1400/2, 10x10 TPI, 26 EPI, SD",N,FABR,FABR,FABR,N, ,U07LF26SD
1860,10802,U07LF29SD,FABRIC,NYLON 6,"NYLON 6, 1400/2, 10x10 TPI, 29 EPI, SD",N,FABR,FABR,FABR,N, ,U07LF29SD
1861,10803,U07LF23SD,FABRIC,NYLON 6,"NYLON 6, 1400/2, 10x10 TPI, 23 EPI, SD",N,FABR,FABR,FABR,N, ,U07LF23SD
1862,10821,LF20JA,FABRIC,NYLON 6,"NYLON 6, 1400/2, 10x10 TPI, EPI, JA",Y,FABR,FABR,FABR,N, ,LF20JA
1863,10901,C101UY,WIRE,STEEL CORD,3X.365/9X.34 HT,Y,WIRE,WIRE,BELT,,,C101UY
1864,10981,NP22GF,FABRIC,"NYLON 6,6","NYLON 66, 2100/2 dtex, 8x8 TPI, 22 EPI, GF",N,FABR,FABR,FABR,N, ,NP22GF
1865,11001,CJ24WA,FABRIC,HYBRID,"HYBRID, 1400/1 + 1100/1, (5.5S/4.7Z)/4.7S, 24EPI, WA",Y,FABR,FABR,FABR,N, ,CJ24WA
1867,11021,TC27HF,FABRIC,POLYESTER - HMLS,"HMLS POLYESTER, 1100/2, 12x12 TPI, 27 EPI, HF",Y,,,,,,TC27HF
1878,11061,TV27HF,FABRIC,POLYESTER - HMLS,"1670/1/2 HMLS PET 8.5x8.5 tpi, 27 epi, HF",Y,,,,,,TV27HF
1891,11081,RE18SC,FABRIC,RAYON,RE18SC ipo RE18BG for HTE. RE18SC is from Cordenka,N,FABR,FABR,FABR,N, ,RE18SC
1892,11101,QC32PF,FABRIC,POLYESTER - HMLS AA,"AA-HMLS POLYESTER, 1100/2, 12x12 TPI, 32 EPI, PF",Y,FABR,FABR,FABR,N, ,QC32PF
1893,11161,TC35HF,FABRIC,POLYESTER - HMLS,"NAA-HMLS PET, 1100/2, 12X12 TPI, 35 EPI, HF",N,FABR,FABR,FABR,N, ,TC35HF
1895,11201,RE25SC,FABRIC,RAYON,RAYON  1840/1/3 12 X 10 TPI 25EPI SC,N,FABR,FABR,FABR,N, ,RE25SC
1896,11281,U14T,YARN,POLYESTER - HMLS,1100 DECITEX HMLS POLYESTER,Y,,,,,,U14T
1897,11301,U08L,YARN,NYLON 6,940dtex nylon6 yarn (see SIS for complete spec),Y,,,,,,U08L
1898,11421,M19G,YARN,FIBERGLASS,Fiberglass 3300 Decitex,Y,FABR,FABR,FABR,N, ,M19G
1899,11461,NT30QA,FABRIC,"NYLON 6,6 MONOFILAMENT","Nylon 66, 950/1 dtex, 0 TPI, 30 EPI, QA",Y,,,,,,NT30QA
1901,11501,RN26SC,FABRIC,RAYON,"RAYON, 1840/3, 9.1x9.1 TPI, 26 EPI, SC",N,FABR,FABR,FABR,N, ,RN26SC
1902,11561,JN01DH,Single End Dipped Cord,"NYLON 6,6",JN01DH,Y,FABR,SCORD,SINGLE END CORD,N, ,JN01DH
1908,11661,BA01WY,WIRE,STEEL CORD,2+2x.22 UT,N,WIRE,WIRE,WIRE,N, ,BA01WY
1909,11681,WY,WIRE,STEEL CORD,2+2x.22UT,Y,WIRE,WIRE,WIRE,N, ,WY
1953,11721,150A,YARN,ARAMID,670 DTEX ARAMID,Y,FABR,FABR,FABR,N, ,150A
1954,11741,E10A,YARN,ARAMID,3300 DTEX ARAMID,Y,FABR,FABR,FABR,N, ,E10A
1955,11761,M14LP19JA,FABRIC,NYLON 6,NYLON 6 2100/1/2 8 X 8 TPI 19EPI JA,N,FABR,FABR,FABR,N, ,M14LP19JA
1956,11801,BC01EM,WIRE,STEEL CORD,4x2x.34 HE,Y,WIRE,WIRE,BELT,N, ,BC01EM
1957,11901,Q201FB,WIRE,STEEL CORD,3X.20+7X.23 NT,Y,WIRE,WIRE,PLY,,,Q201FB
1958,12081,S02TV27HF,FABRIC,POLYESTER - HMLS,"1670/1/2 HMLS PET 8.5x8.5 tpi, 27 epi, HF",N,FABR,FABR,FABR,N,S,S02TV27HF
1959,12101,BD01UK,WIRE,STEEL CORD,2+2x.35 ST,N,WIRE,WIRE,BELT,N, ,BD01UK
1960,12401,RD30SC,FABRIC,RAYON,This NM approval is for code RD30SC from Cordenka that will replace RD30AF from LISA,Y,,,,,,RD30SC
1961,12721,RN25SH,FABRIC,RAYON,"Trial code from Hyosung (same yarn as in RN25SH - Q10R Glanzstoff Bohemia, Super II)",Y,,,,,,RN25SH
1962,12823,STUMITE_FDC,FABRIC Dip Chemicals,SBR Latex,Cold fatty acid styrene-butadiene copolymer latex containing 40.5% solids and 23.5% bound styrene,N,CHEM,CHEM,LATEX SBR,N, ,STUMITE_FDC
1963,12861,028BH,WIRE,BEAD WIRE,1.295MM BEAD WIRE - HIGH TENSILE,Y,WIRE,WIRE,BEAD,,,028BH
1964,12941,BC01UK,WIRE,STEEL CORD,2+2x.35 ST,N,WIRE,WIRE,BELT,N, ,BC01UK
1965,12981,RW31SH,FABRIC,RAYON,"RAYON, 1220/1/2 Dtex, 12.3/12.3 TPI, 31 EPI, SH",Y,FABR,FABR,FABR,N,S,RW31SH
1968,13001,F401UD,WIRE,STEEL CORD,3+3x.35 ST,Y,WIRE,WIRE,BELT,N, ,F401UD
1969,13021,F501FR,WIRE,STEEL CORD,3x.21/9x.185 UT,N,WIRE,WIRE,CARCASS,N, ,F501FR
1970,13041,I42LN,CONVERTED FABRIC,NYLON 6,1100/1 DECITEX NYLON 6 WOVEN 14X14,N,FABR,FABRSQW,FABR,N, ,I42LN
1971,13081,247BH,WIRE,BEAD WIRE,1.295MM BEAD WIRE - HIGH TENSILE,Y,WIRE,WIRE,BEAD,,,247BH
1974,13101,F08TC27HA,FABRIC,POLYESTER - HMLS,HMLS POLYESTER  1100/1/2 12 X 12 TPI 27EPI HA,N,FABR,FABR,FABR,N, ,F08TC27HA
1976,13121,PC,TEXTILE CORD,BLEEDER,14's/1 PET Staple Fiber,Y,,,,,,PC
1977,13141,247DR,WIRE,BEAD WIRE,2.03 MM BEAD WIRE - REGULAR TENSILE,Y,WIRE,WIRE,BEAD,,,247DR
1978,13181,247CH,WIRE,BEAD WIRE,1.83MM BEAD WIRE - HIGH TENSILE,Y,WIRE,WIRE,BEAD,,,247CH
1980,13201,131BH,WIRE,BEAD WIRE,1.295MM BEAD WIRE - HIGH TENSILE,N,WIRE,WIRE,BEAD,N, ,131BH
1981,13221,131JH,WIRE,BEAD WIRE,0.89MM BEAD WIRE - HIGH TENSILE,N,WIRE,WIRE,BEAD,N, ,131JH
1982,13361,NC22QA,FABRIC,"NYLON 6,6",940/2 Nylon,N,FABR,FABR,FABR,N, ,NC22QA
1983,13841,TV27CX,FABRIC,POLYESTER - HMLS,"1670/1/2 HMLS PET 8.5x8.5 tpi, 27 epi, CX",Y,FABR,FABR,FABR,N, ,TV27CX
1989,14062,RF394D33,WIRE,CABLE BEAD,1x2.5+(7+13+19)x1.8,Y,WIRE,CABLBD,WIRE,N, ,RF394D33
1992,14121,TC27CX,FABRIC,POLYESTER - HMLS,"1100/1/2 HMLS PET, 12x12 tpi, 27 epi, CF",Y,,,,,,TC27CX
1999,14261,K36A,YARN,ARAMID,1100 Decitex NAA p-Aramid,N,FABR,FABR,FABR,N,S,K36A
2000,14421,TV27CN,FABRIC,POLYESTER - HMLS,"1670/1/2 PET, 8.5x8.5 tpi, 27 epi, CN",Y,FABR,FABR,FABR,N, ,TV27CN
2018,14761,TC27CN,FABRIC,POLYESTER - HMLS,"1100/1/2 PET, 12x12 tpi, 27 epi, CN",Y,FABR,FABR,FABR,N, ,TC27CN
2038,14801,TC28CX,FABRIC,POLYESTER - HMLS,"PET HMLS NAA, 1100/1/2 Dtex, 12x12 TPI, 28 EPI, CX",Y,FABR,FABR,FABR,N,S,TC28CX
2050,14881,TU32CX,FABRIC,POLYESTER - HMLS,"NAA HMLS PET, 1440/2dtex, 9x9TPI, 32EPI, CX",Y,,,,,,TU32CX
2071,15001,TM26CN,FABRIC,POLYESTER - HMLS,"2200/1/2 HMLS Polyester, 8.5x8.5 tpi, 26 epi, CN",Y,,,,,,TM26CN
2078,15021,TM27CN,FABRIC,POLYESTER - HMLS,"HMLS PET 2200/1/2, 28 epi, new pink adhesive",Y,,,,,,TM27CN
2079,15041,Y201UX,WIRE,STEEL CORD,3x.20/9x.175+1 HT,Y,WIRE,WIRE,PLY,N, ,Y201UX
2080,15061,XR,WIRE,BEAD WIRE,3.0mm regular tensile,Y,,,,,,XR
2082,15081,JPA6DR,FABRIC,"NYLON 6,6","Like N00168: 2100/2, 10x10TPI with 4100C",Y,,,,,,JPA6DR
2086,15281,NC21ZM,FABRIC,"NYLON 6,6","940/1/2 Nylon 66, 12x12 tpi, 21 epi, ZM",Y,,,,,,NC21ZM
2094,15341,TM26CX,FABRIC,POLYESTER - HMLS,HMLS POLYESTER 2200/1/2  8.5X8.5 TPI 26 EPI CX,Y,FABR,FABR,FABR,N, ,TM26CX
2110,15481,NC21ZO,FABRIC,"NYLON 6,6","Nylon 6,6 940/1/2 12x12 TPI 21 EPI ZO",Y,FABR,FABR,FABR,N, ,NC21ZO
2111,15621,NC27ZO,FABRIC,"NYLON 6,6",940/1/2 N66; 12x12 tpi; 27 epi; ZO,Y,,,,,,NC27ZO
2114,15681,NC16ZM,FABRIC,"NYLON 6,6","N66, 940/2 DTEX, 12/12 TPI, 16 EPI, ZM",Y,FABR,FABR,FABR,N,S,NC16ZM
2116,15701,LF25MF,FABRIC,NYLON 6,"1400/2  Nylon 6 cord woven at 25 epi with extensible fill cord, dipped per MF process",Y,,,,,,LF25MF
2117,15821,NA28DR,FABRIC,"NYLON 6,6",1400/2 Nylon 66 at 12.2x12.2 TPI,Y,,,,,,NA28DR
2119,15941,S03BPA6MN,FABRIC,"NYLON 6,6",XSED from Vietnam  for NGT,Y,,,,,,S03BPA6MN
2120,15981,BN32ZO,FABRIC,"NYLON 6,6","1400/1 Nylon 66 4.5 tpi, 32 epi ZO",Y,,,,,,BN32ZO
2126,16021,NG30ZO,FABRIC,"NYLON 6,6",N66 1400/2 dtex pink dip,Y,,,,,,NG30ZO
2132,16061,NC01QH,Single End Dipped Cord,"NYLON 6,6",NC01QH from Mehler VA,Y,,,,,,NC01QH
2135,16101,AH01SB,Single End Dipped Cord,ARAMID,"Single end Aramid, 1100 / 2, 14.0 x 14.0",Y,,,,,,AH01SB
2136,16121,029BH,WIRE,BEAD WIRE,1.295MM BEAD WIRE - HIGH TENSILE,Y,WIRE,WIRE,BEAD,,,029BH
2137,16141,NC32ZO,FABRIC,"NYLON 6,6","940/2 dtex 12x12TPI, Pink dip adhesive, Stretch/stretch processing",Y,,,,,,NC32ZO
2143,16241,I19LC27MA,FABRIC,NYLON 6,NYLON 6  940/1/2 12 X 12 TPI 27EPI MA,Y,FABR,FABR,NYLON 6,,,I19LC27MA
2144,16242,I20LF25MA/C,FABRIC,NYLON 6,LF25MA with std. weft,N,FABR,FABR,CARCASS,N, ,I20LF25MA/C
2145,16321,PM26CX,FABRIC,POLYESTER - HMULS,"PET HMULS NAA, 2200/1/2, 8.5x8.5 TPI, 26 EPI, CX",Y,FABR,FABR,FABR,N,S,PM26CX
2147,16341,E11A,YARN,ARAMID,670 DTEX ARAMID,Y,FABR,FABR,FABR,N, ,E11A
2148,16361,NPA8SF,FABRIC,"NYLON 6,6",Ayaha greige fabric approval. Ayaha currently dips this fabric which is supplied by Asahi.,Y,,,,,,NPA8SF
2150,16381,NPI3SF,FABRIC,"NYLON 6,6","NYLON 66, 2100/2, 8x8 TPI, 26.3 EPI SF",Y,FABR,FABR,FABR,N, ,NPI3SF
2151,16461,TM01CU,Single End Dipped Cord,POLYESTER,PET 2200/2 single end dipped cord pink dip,Y,,,,,,TM01CU
2152,16462,TU01CU,Single End Dipped Cord,POLYESTER,PET 1440/2 single end dipped cord pink dip,Y,,,,,,TU01CU
2154,16541,029CH,WIRE,BEAD WIRE,1.83MM BEAD WIRE - HIGH TENSILE,Y,WIRE,WIRE,BEAD,,,029CH
2155,16581,BK01ZV,Single End Dipped Cord,"NYLON 6,6","Nylon 6.6 2100/1 dtex, SED cord",Y,,,,,,BK01ZV
2156,16582,BN01ZV,Single End Dipped Cord,"NYLON 6,6","Nylon 66 1400/1 dtex, 4.6 tpi pink dip",Y,,,,,,BN01ZV
2158,16621,BI30ZY,FABRIC,"NYLON 6,6",BI30ZY N66 940/1 dtex pink dip,Y,,,,,,BI30ZY
2162,16641,H50NN REV. 03,CONVERTED FABRIC,"NYLON 6,6","1100/1 DECITEX NYLON 6,6 WOVEN 14X14",N,FABR,FABRSQW,FABR,N, ,H50NN REV. 03
2163,16661,M18TV27CN REV. 01,FABRIC,POLYESTER - HMLS,"1670/1/2 PET, 8.5x8.5 tpi, 27 epi, CN",N,FABR,FABR,FABR,N, ,M18TV27CN REV. 01
2164,16741,029JH,WIRE,BEAD WIRE,0.89MM BEAD WIRE - HIGH TENSILE,N,WIRE,WIRE,BEAD,N, ,029JH
2165,16781,Z301UK,WIRE,STEEL CORD,2+2x.35 ST,N,WIRE,WIRE,BELT,N, ,Z301UK
2166,16821,S01BI30GF,YARN,"NYLON 6,6","940 DECITEX NYLON 6,6",Y,,,,,,S01BI30GF
2167,16861,Z01NG30GA,YARN,"NYLON 6,6","1400 DECITEX NYLON 6,6",N,FABR,FABR,FABR,N, ,Z01NG30GA
2168,16881,242JH,WIRE,BEAD WIRE,0.89MM BEAD WIRE - HIGH TENSILE,N,WIRE,WIRE,BEAD,N, ,242JH
2170,16901,242BH,WIRE,BEAD WIRE,1.295MM BEAD WIRE - HIGH TENSILE,N,WIRE,WIRE,BEAD,N, ,242BH
2172,16941,394D33,WIRE,CABLE BEAD,1x2.5+(7+13+19)x1.8,Y,WIRE,CABLBD,WIRE,N, ,394D33
2173,17021,BN01WL,WIRE,STEEL CORD,2x.295 HT,N,WIRE,WIRE,BELT,N, ,BN01WL
2174,17041,BL01WL,WIRE,STEEL CORD,2x.295 HT,N,WIRE,WIRE,BELT,N, ,BL01WL
2175,17101,S04N,YARN,"NYLON 6,6","NYLON 6,6, 2100 dtex yarn",Y,,,,,,S04N
2176,17141,NC30ZO,FABRIC,"NYLON 6,6","NYLON 66, 940/2, 12x12 TPI, 30 EPI, ZO",Y,,,,,,NC30ZO
2178,17201,NC33ZO,FABRIC,"NYLON 6,6","NYLON 6,6, 940/2, 12x12 TPI, 33 EPI, ZO",Y,,,,,,NC33ZO
2179,17241,FA01WY,WIRE,STEEL CORD,2+2x.22UT,N,WIRE,WIRE,WIRE,N, ,FA01WY
2180,17281,BPB2SF,FABRIC,"NYLON 6,6",XSED19 greige fabric approval in Ayaha. Ayaha currently dips this greige fabric which is supplied from Asahi.,Y,,,,,,BPB2SF
2182,17321,BK30ZO,FABRIC,"NYLON 6,6","NYLON 6,6, 2100/1, 3 TPI, 30 EPI, ZO",Y,,,,,,BK30ZO
2186,17461,C402EJ,WIRE,STEEL CORD,19X.22 +6X 1X.22/18X.20 +1 HT,N,WIRE,WIRE,PLY,N, ,C402EJ
2187,17501,C402UZ,WIRE,STEEL CORD,3+9X.25+1 HT,N,WIRE,WIRE,BELT,N, ,C402UZ
2188,17561,Z01NG30ZO,FABRIC,"NYLON 6,6","NYLON 6,6, 1400/2, 6x6 TPI, 30 EPI, ZO",N,FABR,FABR,FABR,N, ,Z01NG30ZO
2189,17601,152AX24YR,FABRIC,ARAMID,1100/1/3 dtex K29AP aramid,N,FABR,FABR,FABR,N, ,152AX24YR
2190,17681,NF26ZO,FABRIC,"NYLON 6,6",Pink Dip version of NF26JA,Y,,,,,,NF26ZO
2191,17721,Z14TM01CU,Single End Dipped Cord,POLYESTER,PET 2200/2 single end dipped cord pink dip,Y,,,,,,Z14TM01CU
2192,17741,TU30CX,FABRIC,POLYESTER - HMLS,"HMLS PET, 1440/1/2, 9x9 TPI,30 EPI, CX",Y,FABR,FABR,FABR,N,S,TU30CX
2193,17804,XD,WIRE,STEEL CORD,3x.27 ST,Y,WIRE,WIRE,WIRE,N, ,XD
2194,17841,CB01WU,Single End Dipped Cord,HYBRID,"Hybrid 1100/2+940/1, CB SED cord",Y,,,,,,CB01WU
2195,17881,XC,WIRE,STEEL CORD,"2X.30 ST
(Cooper 9400/9401)",Y,WIRE,WIRE,WIRE,N, ,XC
2196,17902,XJ,WIRE,STEEL CORD,"3x.20+6x.35 HT
(Cooper 9331)",Y,WIRE,WIRE,WIRE,N, ,XJ
2197,18013,TI28ST,FABRIC,POLYESTER - HMLS,"HMLS PET, 1440/2, 10.5x10.5 TPI, 28 EPI, ST - Cooper 5105",Y,FABR,FABR,FABR,N, ,TI28ST
2199,18015,YAE4ST,FABRIC,POLYESTER - HMLS,"HMLS PET, 2200/2, 6.9x6.9 TPI, 25.4 EPI, ST - Cooper 5109
",Y,FABR,FABR,FABR,N, ,YAE4ST
2200,18161,BP01UM/N,WIRE,STEEL CORD,3X.22/9X.20+1 HT,N,WIRE,WIRE,CARCASS,N, ,BP01UM/N
2201,18221,FC01FR,WIRE,STEEL CORD,3x.21/9x.185 UT,N,WIRE,WIRE,CARCASS,N, ,FC01FR
2202,18321,A07NC27ZO,FABRIC,"NYLON 6,6",940/1/2 N66; 12x12 tpi; 27 epi; ZO,Y,,,,,,A07NC27ZO
2203,18701,Z02JC21QH,FABRIC,"NYLON 6,6","NYLON 66, 940/2, 12x12 TPI, 21 EPI, QH T802 Yarn",Y,,,,,,Z02JC21QH
2204,18721,RF448G44,WIRE,CABLE BEAD,1x5.0+(10+16+22+28)x2.0,Y,,,,,,RF448G44
2205,18761,EA,WIRE,STEEL CORD,7x(3+9x0.36)+1,Y,,,,,,EA
2206,18863,LR,WIRE,BEAD WIRE,1.55 mm NT (Cooper 9015),Y,WIRE,BEAD,BEAD,N, ,LR
2207,18921,Z202XP,WIRE,STEEL CORD,"2+2x.25 HT
(Cooper 9347)",N,WIRE,WIRE,WIRE,N, ,Z202XP
2208,18961,N01BN32ZO,FABRIC,"NYLON 6,6",1400/1 dtex pink dip,Y,,,,,,N01BN32ZO
2209,19081,U05TC28CX,FABRIC,POLYESTER - HMLS,"PET HMLS NAA, 1100/1/2 Dtex, 12x12 TPI, 28 EPI, CX",Y,FABR,FABR,FABR,N,S,U05TC28CX
2210,19241,BP01UG,WIRE,STEEL CORD,1X.20/18X.175 ST,Y,WIRE,WIRE,CARCASS,,,BP01UG
